date,code,open,high,low,close,preclose,volume,amount,adjustflag,turn,tradestatus,pctChg,isST
2017-02-13,sh.600000,16.8800,16.9000,16.7800,16.8500,16.7800,19992872,336932208.0000,3,0.097437,1,0.417162,0
2017-02-14,sh.600000,16.8700,16.8800,16.7400,16.7500,16.8500,12987235,217924152.0000,3,0.063294,1,-0.593474,0
2017-02-15,sh.600000,16.8200,16.9300,16.7500,16.8400,16.7500,25688032,433573968.0000,3,0.125193,1,0.537314,0
2017-02-16,sh.600000,16.8800,16.9100,16.7600,16.7800,16.8400,16327832,274241728.0000,3,0.079575,1,-0.356291,0
2017-02-17,sh.600000,16.7800,16.8200,16.5900,16.6400,16.7800,13863642,231623672.0000,3,0.067565,1,-0.834334,0
2017-02-20,sh.600000,16.6200,16.9800,16.6200,16.9100,16.6400,29949984,503858480.0000,3,0.145963,1,1.622599,0
2017-02-21,sh.600000,16.8800,17.0800,16.8100,16.8800,16.9100,17509118,296489040.0000,3,0.085332,1,-0.177414,0
2017-02-22,sh.600000,16.8800,16.9000,16.7300,16.7500,16.8800,17032277,285870624.0000,3,0.083008,1,-0.770137,0
2017-02-23,sh.600000,16.7800,16.8300,16.6400,16.6900,16.7500,15011148,250909254.0000,3,0.073158,1,-0.358206,0
2017-02-24,sh.600000,16.6700,16.7500,16.6600,16.7100,16.6900,11594971,193610637.0000,3,0.056509,1,0.119823,0
2017-02-27,sh.600000,16.6900,16.7200,16.5300,16.5900,16.7100,13732273,228302043.0000,3,0.066925,1,-0.718127,0
2017-02-28,sh.600000,16.5800,16.6700,16.5300,16.5900,16.5900,12097943,200661656.0000,3,0.058960,1,0.000000,0
2017-03-01,sh.600000,16.5800,16.6200,16.5200,16.5600,16.5900,16226984,268840224.0000,3,0.079083,1,-0.180836,0
2017-03-02,sh.600000,16.6200,16.6200,16.3900,16.4100,16.5600,18996632,312626384.0000,3,0.092582,1,-0.905795,0
2017-03-03,sh.600000,16.4200,16.4300,16.3200,16.3500,16.4100,12429467,203315662.0000,3,0.060576,1,-0.365627,0
2017-03-06,sh.600000,16.3700,16.5300,16.3500,16.4100,16.3500,15703751,258165904.0000,3,0.076533,1,0.366969,0
2017-03-07,sh.600000,16.3800,16.4500,16.3700,16.4300,16.4100,9319842,152969168.0000,3,0.045421,1,0.121880,0
2017-03-08,sh.600000,16.4000,16.4400,16.3500,16.3900,16.4300,10109647,165715073.0000,3,0.049270,1,-0.243463,0
2017-03-09,sh.600000,16.3700,16.4000,16.2200,16.2200,16.3900,17366025,282644704.0000,3,0.084635,1,-1.037218,0
2017-03-10,sh.600000,16.2300,16.2800,16.1700,16.2300,16.2200,16396375,265663459.0000,3,0.079909,1,0.061654,0
2017-03-13,sh.600000,16.2300,16.3400,16.1600,16.3400,16.2300,17950147,291999360.0000,3,0.087481,1,0.677761,0
2017-03-14,sh.600000,16.3400,16.3500,16.2400,16.2600,16.3400,16988979,276642688.0000,3,0.082797,1,-0.489596,0
2017-03-15,sh.600000,16.2400,16.2800,16.1700,16.2400,16.2600,18900324,306175984.0000,3,0.092112,1,-0.123004,0
2017-03-16,sh.600000,16.2700,16.3500,16.2500,16.2900,16.2400,19036545,310417984.0000,3,0.092776,1,0.307889,0
2017-03-17,sh.600000,16.3000,16.3200,16.1400,16.2000,16.2900,21560354,350179472.0000,3,0.105076,1,-0.552487,0
2017-03-20,sh.600000,16.2400,16.2500,16.1300,16.1400,16.2000,15017806,242775930.0000,3,0.069468,1,-0.370379,0
2017-03-21,sh.600000,16.1500,16.1600,15.9800,16.0000,16.1400,31124617,499206640.0000,3,0.143974,1,-0.867406,0
2017-03-22,sh.600000,15.9800,15.9800,15.7000,15.7800,16.0000,43811429,691677888.0000,3,0.202659,1,-1.375002,0
2017-03-23,sh.600000,15.8000,15.9200,15.7900,15.8800,15.7800,22225660,352635984.0000,3,0.102810,1,0.633716,0
2017-03-24,sh.600000,15.8500,16.0000,15.8300,15.9600,15.8800,19902006,316984960.0000,3,0.092061,1,0.503778,0
2017-03-27,sh.600000,15.9700,16.1300,15.9000,16.0400,15.9600,18997369,304990144.0000,3,0.087876,1,0.501259,0
2017-03-28,sh.600000,16.1100,16.1300,15.9700,16.0100,16.0400,13212969,211750766.0000,3,0.061119,1,-0.187037,0
2017-03-29,sh.600000,16.0100,16.1100,15.8000,15.8700,16.0100,23446792,372794464.0000,3,0.108458,1,-0.874456,0
2017-03-30,sh.600000,15.8800,15.9000,15.7200,15.8100,15.8700,23645144,373665120.0000,3,0.109376,1,-0.378068,0
2017-03-31,sh.600000,15.7800,16.0500,15.7700,16.0100,15.8100,24187120,385793424.0000,3,0.111883,1,1.265021,0
2017-04-05,sh.600000,16.0500,16.2000,15.8900,16.1600,16.0100,31036271,499121568.0000,3,0.143565,1,0.936912,0
2017-04-06,sh.600000,16.0900,16.1800,16.0300,16.1000,16.1600,22335442,359361840.0000,3,0.103317,1,-0.371284,0
2017-04-07,sh.600000,16.0600,16.1600,16.0200,16.1000,16.1000,20126948,323821648.0000,3,0.093102,1,0.000000,0
2017-04-10,sh.600000,16.1200,16.1200,15.9400,15.9700,16.1000,16154024,258662668.0000,3,0.074724,1,-0.807454,0
2017-04-11,sh.600000,15.9700,15.9900,15.8100,15.8900,15.9700,18611375,295381664.0000,3,0.086091,1,-0.500939,0
2017-04-12,sh.600000,15.8800,15.9600,15.7500,15.8900,15.8900,22210541,352357728.0000,3,0.102740,1,0.000000,0
2017-04-13,sh.600000,15.8800,15.8900,15.7300,15.7500,15.8900,23426650,369388224.0000,3,0.108365,1,-0.881059,0
2017-04-14,sh.600000,15.7600,15.7800,15.4200,15.5100,15.7500,40156553,625510640.0000,3,0.185753,1,-1.523808,0
2017-04-17,sh.600000,15.5300,15.6000,15.3000,15.5600,15.5100,36739448,566536784.0000,3,0.169946,1,0.322374,0
2017-04-18,sh.600000,15.5000,15.5200,15.3000,15.3000,15.5600,22889980,351624624.0000,3,0.105883,1,-1.670953,0
2017-04-19,sh.600000,15.2500,15.2700,15.1100,15.1100,15.3000,24455407,371021504.0000,3,0.113124,1,-1.241834,0
2017-04-20,sh.600000,15.1200,15.1400,14.9000,14.9100,15.1100,41061406,614436384.0000,3,0.189938,1,-1.323626,0
2017-04-21,sh.600000,14.9200,15.0700,14.8500,15.0500,14.9100,22688358,340453104.0000,3,0.104950,1,0.938970,0
2017-04-24,sh.600000,15.0500,15.1100,14.9100,15.0000,15.0500,17627803,264649933.0000,3,0.081541,1,-0.332227,0
2017-04-25,sh.600000,15.0200,15.1000,14.9900,15.0500,15.0000,12975919,195296862.0000,3,0.060023,1,0.333335,0
2017-04-26,sh.600000,15.0600,15.1100,15.0000,15.0500,15.0500,14939871,225022668.0000,3,0.069108,1,0.000000,0
2017-04-27,sh.600000,15.0500,15.2500,15.0300,15.2100,15.0500,22887645,345791520.0000,3,0.105872,1,1.063122,0
2017-04-28,sh.600000,15.1500,15.2200,15.0800,15.2100,15.2100,15718509,238419161.0000,3,0.072709,1,0.000000,0
2017-05-02,sh.600000,15.2100,15.2200,15.1300,15.1600,15.2100,12607509,191225527.0000,3,0.058319,1,-0.328732,0
2017-05-03,sh.600000,15.1600,15.1600,15.0500,15.0800,15.1600,14247943,215130847.0000,3,0.065907,1,-0.527704,0
2017-05-04,sh.600000,15.0700,15.0700,14.9000,14.9800,15.0800,19477788,291839744.0000,3,0.090099,1,-0.663133,0
2017-05-05,sh.600000,14.9500,14.9800,14.5200,14.9200,14.9800,40194577,592160192.0000,3,0.185929,1,-0.400531,0
2017-05-08,sh.600000,14.7800,14.9000,14.5100,14.8600,14.9200,43568576,638781008.0000,3,0.201536,1,-0.402148,0
2017-05-09,sh.600000,14.6900,14.8400,14.6600,14.7600,14.8600,19225492,283864640.0000,3,0.088932,1,-0.672944,0
2017-05-10,sh.600000,14.7600,14.8500,14.5500,14.6100,14.7600,28359413,418201408.0000,3,0.131183,1,-1.016264,0
2017-05-11,sh.600000,14.5700,14.7900,14.5500,14.7500,14.6100,27312908,400313952.0000,3,0.126342,1,0.958250,0
2017-05-12,sh.600000,14.7500,15.2300,14.7300,15.2100,14.7500,45733426,687468464.0000,3,0.211550,1,3.118644,0
2017-05-15,sh.600000,15.2700,15.4300,15.1600,15.2700,15.2100,29965820,458298672.0000,3,0.138613,1,0.394480,0
2017-05-16,sh.600000,15.2300,15.2900,15.0800,15.2700,15.2700,24875396,377908560.0000,3,0.115066,1,0.000000,0
2017-05-17,sh.600000,15.2400,15.2600,15.0700,15.2100,15.2700,33434411,505883680.0000,3,0.154658,1,-0.392930,0
2017-05-18,sh.600000,15.1000,15.1400,14.9500,15.0100,15.2100,30657927,460669392.0000,3,0.141815,1,-1.314923,0
2017-05-19,sh.600000,15.0400,15.0800,14.9100,15.0200,15.0100,28610626,428236208.0000,3,0.132345,1,0.066624,0
2017-05-22,sh.600000,15.0200,15.0600,14.9300,15.0400,15.0200,30227245,453230624.0000,3,0.139823,1,0.133153,0
2017-05-23,sh.600000,15.0000,15.5700,14.9800,15.4300,15.0400,75400428,1154524432.0000,3,0.348781,1,2.593087,0
2017-05-24,sh.600000,15.3800,15.5200,15.2100,15.4700,15.4300,70439028,1081376992.0000,3,0.325831,1,0.259235,0
2017-05-25,sh.600000,11.7500,12.9300,11.7200,12.9300,11.7500,222373433,2803027088.0000,3,0.791259,1,10.042560,0
2017-05-26,sh.600000,12.8100,12.9100,12.5400,12.8400,12.9300,176456630,2246593328.0000,3,0.627875,1,-0.696057,0
2017-05-31,sh.600000,12.7500,13.0500,12.6600,12.8400,12.8400,113009809,1450286640.0000,3,0.402116,1,0.000000,0
2017-06-01,sh.600000,12.7800,12.9700,12.6900,12.9200,12.8400,96217055,1235216032.0000,3,0.342364,1,0.623052,0
2017-06-02,sh.600000,12.9300,13.0100,12.7400,12.8900,12.9200,80197701,1034450240.0000,3,0.285363,1,-0.232196,0
2017-06-05,sh.600000,12.7900,12.8800,12.5100,12.8500,12.8900,75876475,963227280.0000,3,0.269987,1,-0.310318,0
2017-06-06,sh.600000,12.8000,12.8400,12.6600,12.8000,12.8500,36104406,460469440.0000,3,0.128468,1,-0.389107,0
2017-06-07,sh.600000,12.8100,12.9900,12.7800,12.8400,12.8000,64395191,827766624.0000,3,0.229134,1,0.312500,0
2017-06-08,sh.600000,12.7600,12.8600,12.6700,12.8400,12.8400,48194843,615876304.0000,3,0.171489,1,0.000000,0
2017-06-09,sh.600000,12.7900,13.2000,12.7700,12.9300,12.8400,114434319,1489264560.0000,3,0.407185,1,0.700936,0
2017-06-12,sh.600000,12.9000,13.1400,12.7600,12.7800,12.9300,73931192,955965936.0000,3,0.263065,1,-1.160097,0
2017-06-13,sh.600000,12.7800,12.7800,12.5600,12.5900,12.7800,52716070,665205808.0000,3,0.187577,1,-1.486695,0
2017-06-14,sh.600000,12.6000,12.6400,12.3100,12.4600,12.5900,55306982,687620416.0000,3,0.196796,1,-1.032566,0
2017-06-15,sh.600000,12.4100,12.4600,12.2800,12.3800,12.4600,37492860,462612624.0000,3,0.133409,1,-0.642054,0
2017-06-16,sh.600000,12.3800,12.4600,12.2700,12.3500,12.3800,47351062,586081488.0000,3,0.168487,1,-0.242324,0
2017-06-19,sh.600000,12.3600,12.4300,12.3000,12.4000,12.3500,32941278,407834848.0000,3,0.117213,1,0.404852,0
2017-06-20,sh.600000,12.4100,12.4400,12.2200,12.2900,12.4000,44645196,548932352.0000,3,0.158858,1,-0.887094,0
2017-06-21,sh.600000,12.4000,12.4000,12.2600,12.3400,12.2900,34000062,418820224.0000,3,0.120980,1,0.406836,0
2017-06-22,sh.600000,12.3300,12.8400,12.2900,12.5700,12.3400,110259441,1392278624.0000,3,0.392330,1,1.863854,0
2017-06-23,sh.600000,12.5500,12.6500,12.3600,12.6400,12.5700,68579079,858095952.0000,3,0.244021,1,0.556887,0
2017-06-26,sh.600000,12.6400,12.8200,12.5500,12.6400,12.6400,60509162,766551264.0000,3,0.215306,1,0.000000,0
2017-06-27,sh.600000,12.6400,12.7300,12.5300,12.7000,12.6400,46687475,589020016.0000,3,0.166125,1,0.474679,0
2017-06-28,sh.600000,12.6600,12.9100,12.6000,12.7900,12.7000,75349557,963202800.0000,3,0.268112,1,0.708663,0
2017-06-29,sh.600000,12.8100,12.8600,12.7000,12.7600,12.7900,38994542,497489968.0000,3,0.138752,1,-0.234556,0
2017-06-30,sh.600000,12.7000,12.7300,12.5900,12.6500,12.7600,36566479,462244016.0000,3,0.130112,1,-0.862074,0
2017-07-03,sh.600000,12.6400,12.6500,12.4700,12.5600,12.6500,38778949,486264672.0000,3,0.137985,1,-0.711456,0
2017-07-04,sh.600000,12.5500,12.5800,12.4100,12.5500,12.5600,36659128,458434432.0000,3,0.130442,1,-0.079620,0
2017-07-05,sh.600000,12.5000,12.6500,12.4700,12.6200,12.5500,26470507,332542464.0000,3,0.094188,1,0.557767,0
2017-07-06,sh.600000,12.6200,12.7200,12.5100,12.6600,12.6200,37414241,471582096.0000,3,0.133129,1,0.316957,0
2017-07-07,sh.600000,12.6200,12.6900,12.5500,12.6000,12.6600,24667294,311101536.0000,3,0.087772,1,-0.473929,0
2017-07-10,sh.600000,12.5900,12.6400,12.5200,12.5300,12.6000,26411530,331940512.0000,3,0.093979,1,-0.555561,0
2017-07-11,sh.600000,12.5100,12.9400,12.5100,12.8000,12.5300,96835349,1238626608.0000,3,0.344564,1,2.154832,0
2017-07-12,sh.600000,12.8000,13.0600,12.7400,12.8600,12.8000,80469025,1039614032.0000,3,0.286328,1,0.468746,0
2017-07-13,sh.600000,12.8200,13.2900,12.7700,13.2700,12.8600,110219238,1436784304.0000,3,0.392187,1,3.188187,0
2017-07-14,sh.600000,13.3400,13.8000,13.3400,13.5900,13.2700,146865370,1991795312.0000,3,0.522583,1,2.411452,0
2017-07-17,sh.600000,13.6200,14.0200,13.2800,13.7600,13.5900,178661221,2448349168.0000,3,0.635720,1,1.250920,0
2017-07-18,sh.600000,13.6500,13.7200,13.4000,13.5500,13.7600,69895876,946717552.0000,3,0.248706,1,-1.526163,0
2017-07-19,sh.600000,13.5600,13.7800,13.4800,13.6900,13.5500,66108709,900014400.0000,3,0.235231,1,1.033206,0
2017-07-20,sh.600000,13.6700,13.7000,13.5300,13.6200,13.6900,40017492,544175216.0000,3,0.142392,1,-0.511320,0
2017-07-21,sh.600000,13.6100,13.6300,13.3800,13.4500,13.6200,52272375,702999232.0000,3,0.185998,1,-1.248165,0
2017-07-24,sh.600000,13.4500,13.7400,13.3600,13.6700,13.4500,65820954,892033680.0000,3,0.234207,1,1.635690,0
2017-07-25,sh.600000,13.6200,13.7500,13.4100,13.5100,13.6700,58478099,795769072.0000,3,0.208079,1,-1.170445,0
2017-07-26,sh.600000,13.4500,13.7000,13.3600,13.3800,13.5100,57495388,775489072.0000,3,0.204583,1,-0.962251,0
2017-07-27,sh.600000,13.3800,13.4700,13.2800,13.3800,13.3800,33612097,449548320.0000,3,0.119600,1,0.000000,0
2017-07-28,sh.600000,13.3700,13.4900,13.3000,13.4700,13.3800,24954961,334111568.0000,3,0.088796,1,0.672647,0
2017-07-31,sh.600000,13.4500,13.5200,13.3100,13.3600,13.4700,45083081,602638880.0000,3,0.160417,1,-0.816634,0
2017-08-01,sh.600000,13.4200,13.4900,13.3200,13.4300,13.3600,64198064,860914608.0000,3,0.228432,1,0.523957,0
2017-08-02,sh.600000,13.4400,13.6000,13.3900,13.4400,13.4300,61644148,830433616.0000,3,0.219345,1,0.074455,0
2017-08-03,sh.600000,13.4200,13.4200,13.0400,13.0800,13.4400,78581867,1036842144.0000,3,0.279613,1,-2.678569,0
2017-08-04,sh.600000,13.0900,13.1000,12.8500,12.8700,13.0800,63181971,818014672.0000,3,0.224817,1,-1.605505,0
2017-08-07,sh.600000,12.8700,12.9500,12.8300,12.9300,12.8700,29528429,380518688.0000,3,0.105069,1,0.466204,0
2017-08-08,sh.600000,12.9100,12.9300,12.8300,12.8700,12.9300,23570298,303469936.0000,3,0.083869,1,-0.464040,0
2017-08-09,sh.600000,12.8400,12.8800,12.7500,12.7600,12.8700,32303821,413575792.0000,3,0.114945,1,-0.854698,0
2017-08-10,sh.600000,12.7400,12.8800,12.7000,12.7900,12.7600,44056044,563372048.0000,3,0.156762,1,0.235108,0
2017-08-11,sh.600000,12.7200,12.7300,12.4600,12.6800,12.7900,88890056,1118537328.0000,3,0.316292,1,-0.860044,0
2017-08-14,sh.600000,12.6200,12.6300,12.5200,12.5600,12.6800,45562027,572465232.0000,3,0.162121,1,-0.946371,0
2017-08-15,sh.600000,12.5800,12.7600,12.5600,12.5900,12.5600,62591905,792887776.0000,3,0.222717,1,0.238851,0
2017-08-16,sh.600000,12.5600,12.5600,12.4700,12.4900,12.5900,33886531,423706576.0000,3,0.120576,1,-0.794284,0
2017-08-17,sh.600000,12.4900,12.5500,12.4700,12.5300,12.4900,39091156,488847376.0000,3,0.139096,1,0.320256,0
2017-08-18,sh.600000,12.5000,12.5700,12.4600,12.5100,12.5300,35976632,450071392.0000,3,0.128014,1,-0.159613,0
2017-08-21,sh.600000,12.5000,12.5700,12.4600,12.5100,12.5100,33810237,422478336.0000,3,0.120305,1,0.000000,0
2017-08-22,sh.600000,12.5100,12.5300,12.4100,12.4300,12.5100,58829999,731959984.0000,3,0.209331,1,-0.639488,0
2017-08-23,sh.600000,12.4400,12.6600,12.4100,12.5700,12.4300,96871587,1215804704.0000,3,0.344693,1,1.126302,0
2017-08-24,sh.600000,12.5800,12.6600,12.4500,12.4700,12.5700,62153175,779043376.0000,3,0.221156,1,-0.795540,0
2017-08-25,sh.600000,12.4700,12.8000,12.4700,12.7800,12.4700,145590666,1842766912.0000,3,0.518047,1,2.485962,0
2017-08-28,sh.600000,12.8300,12.9600,12.7500,12.8900,12.7800,104113170,1339965984.0000,3,0.370460,1,0.860725,0
2017-08-29,sh.600000,12.8500,12.9800,12.7700,12.9600,12.8900,60063956,772995360.0000,3,0.213722,1,0.543054,0
2017-08-30,sh.600000,12.9100,12.9800,12.8200,12.8700,12.9600,60479990,779708160.0000,3,0.215202,1,-0.694446,0
2017-08-31,sh.600000,12.8300,12.8400,12.6500,12.7100,12.8700,44790313,570138144.0000,3,0.159375,1,-1.243200,0
2017-09-01,sh.600000,12.6800,12.8700,12.6800,12.7700,12.7100,39264131,501796400.0000,3,0.139711,1,0.472073,0
2017-09-04,sh.600000,12.7800,12.8400,12.6500,12.7800,12.7700,35667447,454951472.0000,3,0.126913,1,0.078303,0
2017-09-05,sh.600000,12.7800,13.0900,12.7800,13.0300,12.7800,73493027,954528912.0000,3,0.261506,1,1.956182,0
2017-09-06,sh.600000,12.9900,13.0500,12.9000,12.9600,13.0300,33823576,438219616.0000,3,0.120352,1,-0.537219,0
2017-09-07,sh.600000,12.9400,13.0200,12.8200,12.8500,12.9600,38224782,494212416.0000,3,0.136013,1,-0.848763,0
2017-09-08,sh.600000,12.8500,13.1200,12.8300,13.0300,12.8500,64778087,842285792.0000,3,0.230496,1,1.400773,0
2017-09-11,sh.600000,13.1500,13.1500,12.9500,12.9900,13.0300,52234735,683194000.0000,3,0.185864,1,-0.306984,0
2017-09-12,sh.600000,13.0000,13.0400,12.9100,13.0400,12.9900,51012322,661471546.0000,3,0.181514,1,0.384913,0
2017-09-13,sh.600000,13.0100,13.0100,12.8600,12.8700,13.0400,31972897,412327510.0000,3,0.113767,1,-1.303681,0
2017-09-14,sh.600000,12.8800,12.9800,12.8100,12.8500,12.8700,24160832,311079246.0000,3,0.085970,1,-0.155396,0
2017-09-15,sh.600000,12.8200,12.8600,12.7500,12.8300,12.8500,24874312,318464945.0000,3,0.088509,1,-0.155646,0
2017-09-18,sh.600000,12.8200,12.9600,12.8000,12.9100,12.8300,35747529,461032051.0000,3,0.127198,1,0.623538,0
2017-09-19,sh.600000,12.9300,12.9500,12.8200,12.9000,12.9100,30170124,388627660.0000,3,0.107353,1,-0.077461,0
2017-09-20,sh.600000,12.8800,12.9300,12.8300,12.8800,12.9000,19867148,255856510.0000,3,0.070692,1,-0.155035,0
2017-09-21,sh.600000,12.8600,12.9500,12.8300,12.8700,12.8800,20140268,259643727.0000,3,0.071664,1,-0.077642,0
2017-09-22,sh.600000,12.8400,12.9200,12.7900,12.8900,12.8700,24192687,311178548.0000,3,0.086083,1,0.155404,0
2017-09-25,sh.600000,12.8900,12.9500,12.7100,12.9400,12.8900,50687628,650703773.0000,3,0.180359,1,0.387892,0
2017-09-26,sh.600000,12.8900,12.9300,12.8500,12.8600,12.9400,22163311,285364898.0000,3,0.078862,1,-0.618237,0
2017-09-27,sh.600000,12.8300,12.9100,12.7600,12.8500,12.8600,26374752,339097277.0000,3,0.093848,1,-0.077755,0
2017-09-28,sh.600000,12.8500,12.8800,12.7700,12.8400,12.8500,24124934,309223171.0000,3,0.085842,1,-0.077823,0
2017-09-29,sh.600000,12.8200,12.9100,12.8100,12.8700,12.8400,19822263,255341342.0000,3,0.070532,1,0.233643,0
2017-10-09,sh.600000,13.2700,13.2900,13.0000,13.0400,12.8700,52149081,684274104.0000,3,0.185559,1,1.320902,0
2017-10-10,sh.600000,13.0500,13.1000,12.9800,13.1000,13.0400,27493986,359114767.0000,3,0.097830,1,0.460126,0
2017-10-11,sh.600000,13.0800,13.1100,13.0300,13.0600,13.1000,18706308,244440298.0000,3,0.066562,1,-0.305343,0
2017-10-12,sh.600000,13.0500,13.0900,12.9700,13.0500,13.0600,17125284,223204024.0000,3,0.060936,1,-0.076571,0
2017-10-13,sh.600000,13.0100,13.0800,12.9200,12.9400,13.0500,20857578,271308478.0000,3,0.074216,1,-0.842916,0
2017-10-16,sh.600000,12.9800,13.0600,12.9400,13.0400,12.9400,23611164,307206532.0000,3,0.084014,1,0.772801,0
2017-10-17,sh.600000,13.0400,13.0600,12.9400,12.9900,13.0400,14692320,190770505.0000,3,0.052279,1,-0.383437,0
2017-10-18,sh.600000,12.9900,13.1000,12.9300,13.0700,12.9900,45458736,592125606.0000,3,0.161753,1,0.615858,0
2017-10-19,sh.600000,13.0300,13.1600,12.9800,13.1300,13.0700,52881168,690607546.0000,3,0.188164,1,0.459070,0
2017-10-20,sh.600000,13.0900,13.1000,13.0100,13.0100,13.1300,17228409,224781272.0000,3,0.061303,1,-0.913937,0
2017-10-23,sh.600000,13.0200,13.0300,12.8300,12.8400,13.0100,31563834,406941717.0000,3,0.112312,1,-1.306688,0
2017-10-24,sh.600000,12.8400,12.9500,12.8200,12.8600,12.8400,27236042,350864968.0000,3,0.096912,1,0.155759,0
2017-10-25,sh.600000,12.8600,12.9400,12.8200,12.9000,12.8600,20743829,267109744.0000,3,0.073812,1,0.311042,0
2017-10-26,sh.600000,12.8700,12.8800,12.7800,12.8200,12.9000,25275166,324110141.0000,3,0.089935,1,-0.620155,0
2017-10-27,sh.600000,12.8500,12.9400,12.8200,12.8500,12.8200,32673820,420972314.0000,3,0.116261,1,0.234015,0
2017-10-30,sh.600000,12.8400,12.8400,12.5900,12.7000,12.8500,74713617,947820344.0000,3,0.265849,1,-1.167320,0
2017-10-31,sh.600000,12.6000,12.6600,12.5800,12.6100,12.7000,20120724,253737598.0000,3,0.071594,1,-0.708663,0
2017-11-01,sh.600000,12.6300,12.7200,12.5300,12.5400,12.6100,35368712,446287606.0000,3,0.125850,1,-0.555113,0
2017-11-02,sh.600000,12.5200,12.5700,12.4300,12.5300,12.5400,48267038,602955872.0000,3,0.171746,1,-0.079747,0
2017-11-03,sh.600000,12.5300,12.6000,12.4300,12.5800,12.5300,32848169,411198265.0000,3,0.116882,1,0.399044,0
2017-11-06,sh.600000,12.5600,12.5600,12.4500,12.4700,12.5800,20016827,249788208.0000,3,0.071225,1,-0.874401,0
2017-11-07,sh.600000,12.4900,12.6000,12.4100,12.5400,12.4700,38677337,482986126.0000,3,0.137623,1,0.561345,0
2017-11-08,sh.600000,12.5400,12.6800,12.4900,12.5800,12.5400,37134146,468242270.0000,3,0.132132,1,0.318979,0
2017-11-09,sh.600000,12.5700,12.6300,12.5300,12.5500,12.5800,17463373,219541345.0000,3,0.062139,1,-0.238472,0
2017-11-10,sh.600000,12.5400,12.6300,12.4600,12.6300,12.5500,49925359,626756843.0000,3,0.177647,1,0.637450,0
2017-11-13,sh.600000,12.6500,12.8500,12.6300,12.8000,12.6300,78009337,996962275.0000,3,0.277576,1,1.346002,0
2017-11-14,sh.600000,12.7600,12.7700,12.5800,12.6000,12.8000,33754928,426955935.0000,3,0.120108,1,-1.562499,0
2017-11-15,sh.600000,12.6000,12.6300,12.5500,12.6000,12.6000,28076530,353327083.0000,3,0.099903,1,0.000000,0
2017-11-16,sh.600000,12.5700,12.5700,12.3800,12.3900,12.6000,35680762,444238625.0000,3,0.126961,1,-1.666667,0
2017-11-17,sh.600000,12.3800,12.8000,12.3800,12.7800,12.3900,109336535,1378873267.0000,3,0.389046,1,3.147695,0
2017-11-20,sh.600000,12.7000,12.8600,12.6100,12.8500,12.7800,61495420,783077227.0000,3,0.218816,1,0.547736,0
2017-11-21,sh.600000,12.8100,13.1700,12.7500,12.9400,12.8500,116179412,1512638142.0000,3,0.413394,1,0.700383,0
2017-11-22,sh.600000,13.0000,13.4400,13.0000,13.2300,12.9400,114576266,1513356223.0000,3,0.407690,1,2.241113,0
2017-11-23,sh.600000,13.2400,13.3200,12.9100,13.0600,13.2300,81912602,1076890039.0000,3,0.291465,1,-1.284952,0
2017-11-24,sh.600000,13.1100,13.1800,12.9300,13.0900,13.0600,59612483,777699709.0000,3,0.212116,1,0.229707,0
2017-11-27,sh.600000,13.0900,13.1200,12.8100,13.1000,13.0900,79250273,1028510255.0000,3,0.281992,1,0.076396,0
2017-11-28,sh.600000,13.0300,13.0700,12.9200,12.9400,13.1000,34031908,441466983.0000,3,0.121094,1,-1.221380,0
2017-11-29,sh.600000,12.9500,13.0400,12.8100,12.9400,12.9400,41846783,540439739.0000,3,0.148901,1,0.000000,0
2017-11-30,sh.600000,12.9100,12.9500,12.8000,12.9100,12.9400,39916356,513785829.0000,3,0.142032,1,-0.231837,0
2017-12-01,sh.600000,12.9300,12.9500,12.8100,12.9100,12.9100,38577445,496330241.0000,3,0.137268,1,0.000000,0
2017-12-04,sh.600000,12.8700,12.9400,12.8400,12.9200,12.9100,36479233,470155474.0000,3,0.129802,1,0.077461,0
2017-12-05,sh.600000,12.9200,13.2700,12.9100,13.1700,12.9200,123796797,1623138207.0000,3,0.440499,1,1.934985,0
2017-12-06,sh.600000,13.1200,13.1600,12.9100,12.9600,13.1700,43564931,566372423.0000,3,0.155015,1,-1.594533,0
2017-12-07,sh.600000,12.9500,13.0300,12.9100,12.9600,12.9600,34802229,451233524.0000,3,0.123835,1,0.000000,0
2017-12-08,sh.600000,12.9800,12.9900,12.8700,12.9300,12.9600,31296221,404411517.0000,3,0.111360,1,-0.231479,0
2017-12-11,sh.600000,12.9200,13.0400,12.8500,12.9700,12.9300,36649902,474566888.0000,3,0.130409,1,0.309358,0
2017-12-12,sh.600000,12.9700,12.9700,12.7400,12.7500,12.9700,30370097,390113096.0000,3,0.108064,1,-1.696224,0
2017-12-13,sh.600000,12.8000,12.8100,12.6300,12.7400,12.7500,19345338,246331123.0000,3,0.068835,1,-0.078433,0
2017-12-14,sh.600000,12.7900,12.7900,12.6600,12.6900,12.7400,16141678,205219487.0000,3,0.057436,1,-0.392466,0
2017-12-15,sh.600000,12.6900,12.7300,12.6100,12.6200,12.6900,16210108,205323767.0000,3,0.057679,1,-0.551613,0
2017-12-18,sh.600000,12.7100,12.7100,12.6100,12.6500,12.6200,13445648,170140035.0000,3,0.047843,1,0.237716,0
2017-12-19,sh.600000,12.6500,12.7600,12.6200,12.7500,12.6500,18399603,233884666.0000,3,0.065470,1,0.790517,0
2017-12-20,sh.600000,12.7600,12.7600,12.6000,12.7300,12.7500,26639844,337603451.0000,3,0.094791,1,-0.156866,0
2017-12-21,sh.600000,12.6700,12.7800,12.6000,12.7000,12.7300,21052388,267624195.0000,3,0.074909,1,-0.235662,0
2017-12-22,sh.600000,12.6800,12.7200,12.6100,12.6200,12.7000,16076938,203468779.0000,3,0.057206,1,-0.629921,0
2017-12-25,sh.600000,12.6100,12.6800,12.5600,12.5900,12.6200,19306662,243553698.0000,3,0.068698,1,-0.237716,0
2017-12-26,sh.600000,12.5700,12.6600,12.5600,12.6400,12.5900,15225722,192219131.0000,3,0.054177,1,0.397142,0
2017-12-27,sh.600000,12.6500,12.6600,12.5300,12.6200,12.6400,32731881,412197987.0000,3,0.116468,1,-0.158231,0
2017-12-28,sh.600000,12.6000,12.6600,12.5300,12.5400,12.6200,23870824,300834017.0000,3,0.084938,1,-0.633914,0
2017-12-29,sh.600000,12.5200,12.6200,12.5100,12.5900,12.5400,16351826,205752875.0000,3,0.058184,1,0.398726,0
2018-01-02,sh.600000,12.6100,12.7700,12.6000,12.7200,12.5900,31323053,398614966.0000,3,0.111455,1,1.032566,0
2018-01-03,sh.600000,12.7300,12.8000,12.6600,12.6600,12.7200,37839101,480954809.0000,3,0.134641,1,-0.471701,0
2018-01-04,sh.600000,12.7000,12.7300,12.6200,12.6600,12.6600,27883804,353205838.0000,3,0.099217,1,0.000000,0
2018-01-05,sh.600000,12.6700,12.7100,12.6200,12.6900,12.6600,31026744,393058250.0000,3,0.110401,1,0.236965,0
2018-01-08,sh.600000,12.6900,12.7100,12.6300,12.6800,12.6900,31389887,397842209.0000,3,0.111693,1,-0.078797,0
2018-01-09,sh.600000,12.6800,12.7400,12.6600,12.7000,12.6800,26215432,332848333.0000,3,0.093281,1,0.157725,0
2018-01-10,sh.600000,12.7000,13.0900,12.6800,13.0200,12.7000,90679990,1174202006.0000,3,0.322661,1,2.519690,0
2018-01-11,sh.600000,12.9500,13.0400,12.8700,12.9400,13.0200,37816412,489588906.0000,3,0.134560,1,-0.614446,0
2018-01-12,sh.600000,12.9700,13.0000,12.9000,12.9100,12.9400,24203419,313215088.0000,3,0.086122,1,-0.231837,0
2018-01-15,sh.600000,12.8800,13.0800,12.8500,13.0200,12.9100,61320680,796861091.0000,3,0.218194,1,0.852058,0
2018-01-16,sh.600000,12.9700,13.0600,12.7800,12.9000,13.0200,74892652,963701144.0000,3,0.266486,1,-0.921665,0
2018-01-17,sh.600000,12.9100,13.4200,12.8900,13.1000,12.9000,127132813,1675235171.0000,3,0.452369,1,1.550394,0
2018-01-18,sh.600000,13.1400,13.2500,13.0500,13.2400,13.1000,111608076,1465159094.0000,3,0.397129,1,1.068698,0
2018-01-19,sh.600000,13.3300,13.6100,13.1800,13.2400,13.2400,171648871,2300220633.0000,3,0.610768,1,0.000000,0
2018-01-22,sh.600000,12.9300,13.1500,12.7100,12.7700,13.2400,272513808,3514775144.0000,3,0.969670,1,-3.549844,0
2018-01-23,sh.600000,12.7500,12.9200,12.6800,12.9000,12.7700,217827457,2791828653.0000,3,0.775083,1,1.018004,0
2018-01-24,sh.600000,12.9700,14.0000,12.8900,13.5700,12.9000,379653632,5099364114.0000,3,1.350900,1,5.193799,0
2018-01-25,sh.600000,13.5400,13.7600,13.3600,13.6500,13.5700,176989631,2400208784.0000,3,0.629772,1,0.589535,0
2018-01-26,sh.600000,13.6500,13.7200,13.3600,13.4100,13.6500,218419685,2954019925.0000,3,0.777190,1,-1.758240,0
2018-01-29,sh.600000,13.4800,13.5300,13.3200,13.4600,13.4100,153783104,2065139247.0000,3,0.547198,1,0.372858,0
2018-01-30,sh.600000,13.4500,13.4900,13.0900,13.1100,13.4600,107804018,1429924976.0000,3,0.383593,1,-2.600300,0
2018-01-31,sh.600000,13.0500,13.1900,12.9800,13.1700,13.1100,117703264,1541960901.0000,3,0.418817,1,0.457669,0
2018-02-01,sh.600000,13.1400,13.3300,12.9400,13.3000,13.1700,173573331,2289044601.0000,3,0.617616,1,0.987093,0
2018-02-02,sh.600000,13.1900,13.1900,13.0100,13.1400,13.3000,71796780,941467191.0000,3,0.255470,1,-1.203006,0
2018-02-05,sh.600000,13.0000,13.5400,12.9800,13.4900,13.1400,150149657,2006361757.0000,3,0.534269,1,2.663618,0
2018-02-06,sh.600000,13.2900,13.5000,13.2000,13.4800,13.4900,244358992,3270199180.0000,3,0.869488,1,-0.074131,0
2018-02-07,sh.600000,13.5800,13.9000,13.2400,13.4500,13.4800,200770115,2720519687.0000,3,0.714389,1,-0.222550,0
2018-02-08,sh.600000,13.3400,13.4000,12.9500,13.1000,13.4500,109426872,1438198801.0000,3,0.389367,1,-2.602226,0
2018-02-09,sh.600000,12.8900,12.9800,12.2400,12.7800,13.1000,149257356,1877264356.0000,3,0.531094,1,-2.442753,0
2018-02-12,sh.600000,12.6600,12.6800,12.4300,12.4900,12.7800,64799197,811027710.0000,3,0.230571,1,-2.269170,0
2018-02-13,sh.600000,12.5500,12.6800,12.5000,12.5100,12.4900,54900214,690054113.0000,3,0.195348,1,0.160132,0
2018-02-14,sh.600000,12.5000,12.5500,12.3800,12.4600,12.5100,32597811,406060202.0000,3,0.115991,1,-0.399682,0
2018-02-22,sh.600000,12.6000,12.6800,12.5300,12.6300,12.4600,42012285,529856471.0000,3,0.149490,1,1.364367,0
2018-02-23,sh.600000,12.6600,12.7800,12.5900,12.7200,12.6300,38736515,491768409.0000,3,0.137834,1,0.712590,0
2018-02-26,sh.600000,12.7700,12.8400,12.6100,12.7300,12.7200,48806055,620261080.0000,3,0.173664,1,0.078611,0
2018-02-27,sh.600000,12.7500,12.7600,12.6100,12.6900,12.7300,48561087,615622149.0000,3,0.172792,1,-0.314218,0
2018-02-28,sh.600000,12.6100,12.6600,12.4400,12.4600,12.6900,39888938,499258844.0000,3,0.141935,1,-1.812447,0
2018-03-01,sh.600000,12.4000,12.5000,12.3800,12.4700,12.4600,34491031,429574072.0000,3,0.122727,1,0.080259,0
2018-03-02,sh.600000,12.4000,12.4600,12.3600,12.4100,12.4700,23024132,285473130.0000,3,0.081925,1,-0.481158,0
2018-03-05,sh.600000,12.4100,12.4800,12.3400,12.4200,12.4100,29343464,363849705.0000,3,0.104411,1,0.080582,0
2018-03-06,sh.600000,12.4800,12.5100,12.3800,12.4900,12.4200,27222668,339015159.0000,3,0.096865,1,0.563605,0
2018-03-07,sh.600000,12.5100,12.6000,12.4600,12.4900,12.4900,38817575,487036820.0000,3,0.138122,1,0.000000,0
2018-03-08,sh.600000,12.5500,12.5500,12.4000,12.4700,12.4900,22164132,276013913.0000,3,0.078865,1,-0.160124,0
2018-03-09,sh.600000,12.4900,12.5100,12.4200,12.4800,12.4700,23558287,293550899.0000,3,0.083826,1,0.080187,0
2018-03-12,sh.600000,12.5300,12.5400,12.4600,12.5000,12.4800,25161821,314544074.0000,3,0.089532,1,0.160260,0
2018-03-13,sh.600000,12.5000,12.5800,12.4300,12.4900,12.5000,25145000,314545358.0000,3,0.089472,1,-0.080002,0
2018-03-14,sh.600000,12.4500,12.4500,12.3800,12.3900,12.4900,22804603,282970086.0000,3,0.081144,1,-0.800636,0
2018-03-15,sh.600000,12.3500,12.4100,12.3400,12.3900,12.3900,17287774,213972089.0000,3,0.061514,1,0.000000,0
2018-03-16,sh.600000,12.3600,12.4000,12.3000,12.3000,12.3900,26781399,330778426.0000,3,0.095295,1,-0.726394,0
2018-03-19,sh.600000,12.3100,12.3300,12.2600,12.3100,12.3000,16896048,207819310.0000,3,0.060120,1,0.081303,0
2018-03-20,sh.600000,12.2800,12.3900,12.2500,12.3200,12.3100,20672283,254187843.0000,3,0.073557,1,0.081229,0
2018-03-21,sh.600000,12.3400,12.4000,12.2800,12.2900,12.3200,23878465,294872209.0000,3,0.084965,1,-0.243504,0
2018-03-22,sh.600000,12.3500,12.3500,12.2500,12.2500,12.2900,22948484,281975042.0000,3,0.081656,1,-0.325468,0
2018-03-23,sh.600000,12.0000,12.0600,11.6400,11.7100,12.2500,57106391,676679666.0000,3,0.203198,1,-4.408163,0
2018-03-26,sh.600000,11.7100,11.7500,11.5000,11.6100,11.7100,36425054,422233460.0000,3,0.129609,1,-0.853974,0
2018-03-27,sh.600000,11.7000,11.7700,11.5600,11.6200,11.6100,27332809,318586664.0000,3,0.097257,1,0.086135,0
2018-03-28,sh.600000,11.5300,11.7500,11.5200,11.5700,11.6200,22911282,266121467.0000,3,0.081524,1,-0.430294,0
2018-03-29,sh.600000,11.5700,11.7100,11.4500,11.6200,11.5700,33108805,383064999.0000,3,0.117809,1,0.432154,0
2018-03-30,sh.600000,11.6300,11.6900,11.6100,11.6500,11.6200,23271965,270987701.0000,3,0.082807,1,0.258173,0
2018-04-02,sh.600000,11.6800,11.8200,11.6500,11.7100,11.6500,27719599,325667590.0000,3,0.098633,1,0.515025,0
2018-04-03,sh.600000,11.6600,11.6700,11.5400,11.5600,11.7100,18303514,211906876.0000,3,0.065128,1,-1.280953,0
2018-04-04,sh.600000,11.6100,11.6500,11.5300,11.5300,11.5600,19637509,227689712.0000,3,0.069875,1,-0.259522,0
2018-04-09,sh.600000,11.5300,11.5900,11.4900,11.5000,11.5300,16722481,192709506.0000,3,0.059503,1,-0.260188,0
2018-04-10,sh.600000,11.5200,11.7900,11.5100,11.7700,11.5000,28748298,336076808.0000,3,0.102293,1,2.347830,0
2018-04-11,sh.600000,11.7900,12.0200,11.7500,11.9100,11.7700,31298519,372471249.0000,3,0.111368,1,1.189459,0
2018-04-12,sh.600000,11.9100,11.9600,11.7600,11.7800,11.9100,18824289,222769476.0000,3,0.066981,1,-1.091521,0
2018-04-13,sh.600000,11.8300,11.8900,11.6900,11.6900,11.7800,14094853,166015524.0000,3,0.050153,1,-0.764008,0
2018-04-16,sh.600000,11.8000,11.8000,11.5400,11.5500,11.6900,23720095,275070676.0000,3,0.084402,1,-1.197600,0
2018-04-17,sh.600000,11.5600,11.7000,11.5500,11.5500,11.5500,25469983,296234022.0000,3,0.090628,1,0.000000,0
2018-04-18,sh.600000,11.7500,11.7900,11.6600,11.7300,11.5500,26295275,308485462.0000,3,0.093565,1,1.558436,0
2018-04-19,sh.600000,11.8000,11.8900,11.7600,11.8000,11.7300,16553270,195771190.0000,3,0.058901,1,0.596766,0
2018-04-20,sh.600000,11.7400,11.7900,11.5700,11.6100,11.8000,18377407,213965166.0000,3,0.065391,1,-1.610174,0
2018-04-23,sh.600000,11.5600,11.7500,11.5300,11.6000,11.6100,18181610,211046456.0000,3,0.064695,1,-0.086126,0
2018-04-24,sh.600000,11.5600,11.7800,11.5600,11.7800,11.6000,23032861,269871844.0000,3,0.081956,1,1.551718,0
2018-04-25,sh.600000,11.7100,11.7700,11.6500,11.6600,11.7800,16082634,188149247.0000,3,0.057226,1,-1.018675,0
2018-04-26,sh.600000,11.7300,11.7800,11.5500,11.5700,11.6600,18205794,211987526.0000,3,0.064781,1,-0.771871,0
2018-04-27,sh.600000,11.5800,11.6700,11.5500,11.6100,11.5700,23450783,272328553.0000,3,0.083444,1,0.345721,0
2018-05-02,sh.600000,11.3300,11.3300,10.9700,11.0300,11.6100,69325684,769050164.0000,3,0.246678,1,-4.995693,0
2018-05-03,sh.600000,10.9900,11.0100,10.8300,10.9200,11.0300,34665572,378055362.0000,3,0.123349,1,-0.997277,0
2018-05-04,sh.600000,10.9100,10.9400,10.8000,10.8300,10.9200,22253089,241749748.0000,3,0.079182,1,-0.824177,0
2018-05-07,sh.600000,10.8200,10.8900,10.7600,10.8400,10.8300,27425378,297162770.0000,3,0.097586,1,0.092338,0
2018-05-08,sh.600000,10.8400,10.9700,10.8100,10.9500,10.8400,28796453,314537694.0000,3,0.102465,1,1.014757,0
2018-05-09,sh.600000,10.9500,11.0000,10.8900,10.9300,10.9500,18510621,202375456.0000,3,0.065865,1,-0.182644,0
2018-05-10,sh.600000,10.9800,11.0000,10.9100,10.9500,10.9300,16030500,175546224.0000,3,0.057040,1,0.182978,0
2018-05-11,sh.600000,11.0000,11.0100,10.9400,10.9500,10.9500,22015135,241676135.0000,3,0.078335,1,0.000000,0
2018-05-14,sh.600000,10.9700,11.0500,10.9600,11.0000,10.9500,23763310,261553535.0000,3,0.084556,1,0.456623,0
2018-05-15,sh.600000,11.0300,11.0500,10.8800,10.9900,11.0000,23548459,258018710.0000,3,0.083791,1,-0.090911,0
2018-05-16,sh.600000,10.9300,10.9600,10.8600,10.8700,10.9900,23580345,257351420.0000,3,0.083905,1,-1.091901,0
2018-05-17,sh.600000,10.8600,10.9100,10.8100,10.8300,10.8700,18474690,200668980.0000,3,0.065737,1,-0.367985,0
2018-05-18,sh.600000,10.8500,10.9000,10.8100,10.9000,10.8300,21717105,235717339.0000,3,0.077275,1,0.646350,0
2018-05-21,sh.600000,10.9800,10.9800,10.9000,10.9400,10.9000,23393724,255891648.0000,3,0.083241,1,0.366972,0
2018-05-22,sh.600000,10.9400,10.9500,10.8500,10.8800,10.9400,16014501,174138743.0000,3,0.056983,1,-0.548441,0
2018-05-23,sh.600000,10.8800,10.8900,10.7900,10.8000,10.8800,21194469,229712309.0000,3,0.075415,1,-0.735293,0
2018-05-24,sh.600000,10.8300,10.8400,10.7600,10.7900,10.8000,15229580,164430466.0000,3,0.054191,1,-0.092595,0
2018-05-25,sh.600000,10.8300,10.8300,10.6800,10.7100,10.7900,19016226,204634790.0000,3,0.067664,1,-0.741426,0
2018-05-28,sh.600000,10.7100,10.7900,10.6100,10.7600,10.7100,18370343,196979804.0000,3,0.065366,1,0.466855,0
2018-05-29,sh.600000,10.7000,10.7400,10.6100,10.6400,10.7600,16933980,180559166.0000,3,0.060255,1,-1.115241,0
2018-05-30,sh.600000,10.5600,10.6000,10.3900,10.4400,10.6400,32230788,338274421.0000,3,0.114685,1,-1.879706,0
2018-05-31,sh.600000,10.4600,10.6900,10.4600,10.5500,10.4400,45532670,480871723.0000,3,0.162016,1,1.053646,0
2018-06-01,sh.600000,10.6000,10.6900,10.5300,10.6800,10.5500,18365527,195167690.0000,3,0.065349,1,1.232229,0
2018-06-04,sh.600000,10.7600,10.8300,10.7000,10.7500,10.6800,16180325,174154210.0000,3,0.057574,1,0.655428,0
2018-06-05,sh.600000,10.7100,10.7500,10.6100,10.6600,10.7500,18692609,199025891.0000,3,0.066513,1,-0.837211,0
2018-06-06,sh.600000,10.6400,10.6400,10.5300,10.5500,10.6600,14983603,158227437.0000,3,0.053315,1,-1.031892,0
2018-06-07,sh.600000,10.5600,10.6600,10.5100,10.6200,10.5500,23355633,247771033.0000,3,0.083105,1,0.663504,0
2018-06-08,sh.600000,10.5500,10.5700,10.3700,10.4200,10.6200,27181997,283822904.0000,3,0.096720,1,-1.883237,0
2018-06-11,sh.600000,10.3800,10.4300,10.2800,10.4200,10.4200,18004293,186272758.0000,3,0.064064,1,0.000000,0
2018-06-12,sh.600000,10.4100,10.4100,10.3000,10.3500,10.4200,16085667,166400389.0000,3,0.057237,1,-0.671782,0
2018-06-13,sh.600000,10.3000,10.3300,10.1800,10.2100,10.3500,19961576,204624613.0000,3,0.071028,1,-1.352660,0
2018-06-14,sh.600000,10.1600,10.2600,10.1600,10.2200,10.2100,17557528,179339350.0000,3,0.062474,1,0.097945,0
2018-06-15,sh.600000,10.2200,10.3400,10.1900,10.3000,10.2200,19914990,204800278.0000,3,0.070862,1,0.782778,0
2018-06-19,sh.600000,10.2300,10.2400,9.8100,9.9200,10.3000,42988471,432159776.0000,3,0.152963,1,-3.689322,0
2018-06-20,sh.600000,9.9200,9.9800,9.8700,9.8900,9.9200,18915740,187504468.0000,3,0.067307,1,-0.302417,0
2018-06-21,sh.600000,9.8800,9.9800,9.7500,9.8300,9.8900,23636961,234236776.0000,3,0.084106,1,-0.606678,0
2018-06-22,sh.600000,9.8300,9.8300,9.6700,9.7600,9.8300,25040001,243586307.0000,3,0.089098,1,-0.712103,0
2018-06-25,sh.600000,9.7700,9.8200,9.5500,9.5600,9.7600,24244380,234851670.0000,3,0.086267,1,-2.049178,0
2018-06-26,sh.600000,9.6000,9.6000,9.3500,9.4800,9.5600,24424095,231698549.0000,3,0.086907,1,-0.836829,0
2018-06-27,sh.600000,9.4100,9.5300,9.3600,9.3700,9.4800,24913770,234831869.0000,3,0.088649,1,-1.160334,0
2018-06-28,sh.600000,9.3300,9.6100,9.3200,9.5000,9.3700,30741337,290768015.0000,3,0.109385,1,1.387408,0
2018-06-29,sh.600000,9.5600,9.6000,9.4500,9.5600,9.5000,19493546,185831802.0000,3,0.069363,1,0.631583,0
2018-07-02,sh.600000,9.5500,9.5500,9.2300,9.2900,9.5600,22669089,212743905.0000,3,0.080662,1,-2.824272,0
2018-07-03,sh.600000,9.2900,9.3800,9.2000,9.3500,9.2900,24123551,224816757.0000,3,0.085837,1,0.645860,0
2018-07-04,sh.600000,9.3400,9.4200,9.2800,9.3100,9.3500,14464777,135000876.0000,3,0.051469,1,-0.427807,0
2018-07-05,sh.600000,9.2600,9.3500,9.2200,9.2600,9.3100,16495438,152978661.0000,3,0.058695,1,-0.537059,0
2018-07-06,sh.600000,9.3100,9.4300,9.1700,9.3700,9.2600,22594443,210564106.0000,3,0.080397,1,1.187901,0
2018-07-09,sh.600000,9.3700,9.6300,9.3700,9.6000,9.3700,22172565,212109327.0000,3,0.078895,1,2.454648,0
2018-07-10,sh.600000,9.6100,9.6500,9.5000,9.5700,9.6000,12402837,118668133.0000,3,0.044132,1,-0.312507,0
2018-07-11,sh.600000,9.3700,9.4400,9.3200,9.3800,9.5700,15203933,142450919.0000,3,0.054099,1,-1.985367,0
2018-07-12,sh.600000,9.4100,9.6100,9.3900,9.5700,9.3800,19704837,188206858.0000,3,0.070115,1,2.025582,0
2018-07-13,sh.600000,9.5700,9.5800,9.4600,9.4900,9.4700,15026339,142708347.0000,3,0.053467,1,0.211188,0
2018-07-16,sh.600000,9.5000,9.5400,9.3400,9.4100,9.4900,14414119,135697106.0000,3,0.051289,1,-0.842992,0
2018-07-17,sh.600000,9.4100,9.4800,9.3800,9.4400,9.4100,13713495,129512091.0000,3,0.048796,1,0.318807,0
2018-07-18,sh.600000,9.5100,9.6400,9.4800,9.5100,9.4400,18922700,180858003.0000,3,0.067332,1,0.741532,0
2018-07-19,sh.600000,9.6000,9.6200,9.5300,9.5600,9.5100,18360482,175909129.0000,3,0.065331,1,0.525764,0
2018-07-20,sh.600000,9.5600,9.9500,9.4700,9.8700,9.5600,33275650,325018010.0000,3,0.118403,1,3.242672,0
2018-07-23,sh.600000,9.9100,10.0300,9.7400,9.9600,9.8700,31484434,311612051.0000,3,0.112029,1,0.911856,0
2018-07-24,sh.600000,9.9800,10.1400,9.9700,10.0200,9.9600,36424560,365678865.0000,3,0.129607,1,0.602414,0
2018-07-25,sh.600000,10.1200,10.1200,9.9600,10.0200,10.0200,15889970,159153073.0000,3,0.056540,1,0.000000,0
2018-07-26,sh.600000,10.0700,10.0800,9.9500,9.9600,10.0200,15206330,151927483.0000,3,0.054108,1,-0.598807,0
2018-07-27,sh.600000,9.9600,10.0400,9.9300,9.9900,9.9600,12120067,121060815.0000,3,0.043126,1,0.301202,0
2018-07-30,sh.600000,9.9900,10.1600,9.9700,10.1300,9.9900,20096364,202566237.0000,3,0.071508,1,1.401405,0
2018-07-31,sh.600000,10.1200,10.2000,10.0000,10.1700,10.1300,18203008,184265064.0000,3,0.064771,1,0.394866,0
2018-08-01,sh.600000,10.2600,10.2700,9.9000,9.9100,10.1700,20741884,209512354.0000,3,0.073805,1,-2.556541,0
2018-08-02,sh.600000,9.9100,10.0300,9.6600,9.7900,9.9100,24483871,240792864.0000,3,0.087120,1,-1.210897,0
2018-08-03,sh.600000,9.7900,9.9800,9.7600,9.8300,9.7900,16997939,168026922.0000,3,0.060483,1,0.408580,0
2018-08-06,sh.600000,9.9700,10.0300,9.8700,9.9100,9.8300,17444492,173559265.0000,3,0.062072,1,0.813835,0
2018-08-07,sh.600000,9.9400,10.1200,9.9400,10.1100,9.9100,21784661,218926426.0000,3,0.077515,1,2.018162,0
2018-08-08,sh.600000,10.1500,10.1500,10.0100,10.0500,10.1100,13461992,135623302.0000,3,0.047901,1,-0.593467,0
2018-08-09,sh.600000,10.0000,10.1800,9.9900,10.1400,10.0500,17689853,179007673.0000,3,0.062945,1,0.895524,0
2018-08-10,sh.600000,10.1400,10.1400,10.0200,10.0700,10.1400,13172633,132643603.0000,3,0.046871,1,-0.690342,0
2018-08-13,sh.600000,10.0000,10.0600,9.9000,9.9800,10.0700,17927668,178552668.0000,3,0.063791,1,-0.893745,0
2018-08-14,sh.600000,9.9800,10.0700,9.9500,10.0600,9.9800,15868585,158997523.0000,3,0.056464,1,0.801612,0
2018-08-15,sh.600000,10.0600,10.0600,9.9000,9.9000,10.0600,14787033,147639905.0000,3,0.052616,1,-1.590465,0
2018-08-16,sh.600000,9.8700,10.1200,9.8400,10.0600,9.9000,24323652,243554060.0000,3,0.086549,1,1.616170,0
2018-08-17,sh.600000,10.1600,10.1600,9.9300,9.9800,10.0600,15090455,151684025.0000,3,0.053695,1,-0.795237,0
2018-08-20,sh.600000,10.1700,10.1700,10.0100,10.1500,9.9800,26975300,272534557.0000,3,0.095985,1,1.703408,0
2018-08-21,sh.600000,10.1800,10.2000,10.0900,10.1200,10.1500,19786535,200852851.0000,3,0.070405,1,-0.295564,0
2018-08-22,sh.600000,10.1200,10.1400,10.0000,10.0900,10.1200,11993541,120615691.0000,3,0.042676,1,-0.296440,0
2018-08-23,sh.600000,10.1300,10.1400,9.9800,10.0700,10.0900,15537812,156583263.0000,3,0.055287,1,-0.198221,0
2018-08-24,sh.600000,10.0600,10.4300,10.0200,10.3000,10.0700,32268837,330331268.0000,3,0.114820,1,2.284017,0
2018-08-27,sh.600000,10.3300,10.3500,10.2100,10.3300,10.3000,23266645,239467138.0000,3,0.082788,1,0.291260,0
2018-08-28,sh.600000,10.3000,10.3800,10.2500,10.3000,10.3300,14609685,150677769.0000,3,0.051985,1,-0.290414,0
2018-08-29,sh.600000,10.2900,10.3200,10.2600,10.3200,10.3000,10362000,106687297.0000,3,0.036871,1,0.194170,0
2018-08-30,sh.600000,10.3000,10.4100,10.1700,10.1700,10.3200,18621890,191336868.0000,3,0.066261,1,-1.453485,0
2018-08-31,sh.600000,10.1600,10.3600,10.1600,10.3300,10.1700,37311724,383679854.0000,3,0.132764,1,1.573253,0
2018-09-03,sh.600000,10.2700,10.3000,10.1700,10.2400,10.3300,14309539,146457275.0000,3,0.050917,1,-0.871250,0
2018-09-04,sh.600000,10.2100,10.4000,10.1800,10.3700,10.2400,16353060,168632347.0000,3,0.058188,1,1.269532,0
2018-09-05,sh.600000,10.3100,10.3700,10.1200,10.1200,10.3700,22729232,232884783.0000,3,0.080876,1,-2.410800,0
2018-09-06,sh.600000,10.1200,10.2300,10.1200,10.1400,10.1200,10546916,107317753.0000,3,0.037528,1,0.197633,0
2018-09-07,sh.600000,10.1500,10.2500,10.1200,10.1900,10.1400,8995716,91694437.0000,3,0.032009,1,0.493089,0
2018-09-10,sh.600000,10.1600,10.2300,10.1300,10.1800,10.1900,11822813,120376355.0000,3,0.042068,1,-0.098128,0
2018-09-11,sh.600000,10.2200,10.2700,9.9800,10.0200,10.1800,19689042,199401394.0000,3,0.070058,1,-1.571708,0
2018-09-12,sh.600000,9.9900,10.0700,9.9500,10.0400,10.0200,16506103,165231589.0000,3,0.058733,1,0.199596,0
2018-09-13,sh.600000,10.1700,10.3000,10.1100,10.2900,10.0400,29417198,300441533.0000,3,0.104674,1,2.490040,0
2018-09-14,sh.600000,10.3600,10.3600,10.2100,10.2600,10.2900,16450780,169083471.0000,3,0.058536,1,-0.291543,0
2018-09-17,sh.600000,10.2600,10.2800,10.1000,10.1500,10.2600,10535343,107339083.0000,3,0.037487,1,-1.072131,0
2018-09-18,sh.600000,10.1600,10.2600,10.0900,10.2600,10.1500,16684789,170045729.0000,3,0.059369,1,1.083750,0
2018-09-19,sh.600000,10.2800,10.2900,10.2000,10.2400,10.2600,18550643,190221692.0000,3,0.066008,1,-0.194936,0
2018-09-20,sh.600000,10.2600,10.2800,10.1800,10.2200,10.2400,16307051,166658023.0000,3,0.058024,1,-0.195308,0
2018-09-21,sh.600000,10.2400,10.4900,10.1500,10.4900,10.2200,37571431,388504217.0000,3,0.133688,1,2.641874,0
2018-09-25,sh.600000,10.3800,10.4700,10.3200,10.3500,10.4900,15879199,164580504.0000,3,0.056502,1,-1.334599,0
2018-09-26,sh.600000,10.3900,10.5600,10.3400,10.4100,10.3500,31175799,326010701.0000,3,0.110931,1,0.579705,0
2018-09-27,sh.600000,10.4500,10.4800,10.3800,10.4800,10.4100,24182714,252306120.0000,3,0.086048,1,0.672427,0
2018-09-28,sh.600000,10.4900,10.7500,10.4400,10.6200,10.4800,37430602,396863685.0000,3,0.133187,1,1.335881,0
2018-10-08,sh.600000,10.3900,10.4800,10.1500,10.1600,10.6200,41957276,432913252.0000,3,0.149294,1,-4.331450,0
2018-10-09,sh.600000,10.0800,10.2400,10.0700,10.1500,10.1600,23159026,234661842.0000,3,0.082405,1,-0.098427,0
2018-10-10,sh.600000,10.1400,10.2800,10.1300,10.1700,10.1500,18124701,184735118.0000,3,0.064492,1,0.197049,0
2018-10-11,sh.600000,10.0000,10.0500,9.7100,9.8000,10.1700,39056785,386778863.0000,3,0.138974,1,-3.638150,0
2018-10-12,sh.600000,9.9000,10.1000,9.8300,10.0300,9.8000,25145127,250805638.0000,3,0.089472,1,2.346934,0
2018-10-15,sh.600000,10.0500,10.1600,9.9700,10.0300,10.0300,13957844,140122866.0000,3,0.049665,1,0.000000,0
2018-10-16,sh.600000,10.0300,10.1900,9.9700,10.0500,10.0300,15308344,154272073.0000,3,0.054471,1,0.199406,0
2018-10-17,sh.600000,10.1800,10.3100,10.1400,10.2900,10.0500,26520895,271564080.0000,3,0.094368,1,2.388057,0
2018-10-18,sh.600000,10.3500,10.3500,10.1600,10.1900,10.2900,22403988,229432798.0000,3,0.079719,1,-0.971821,0
2018-10-19,sh.600000,10.2500,10.4300,10.0700,10.3800,10.1900,40331386,414893373.0000,3,0.143509,1,1.864578,0
2018-10-22,sh.600000,10.3200,10.7000,10.3200,10.6200,10.3800,47003409,497527573.0000,3,0.167250,1,2.312136,0
2018-10-23,sh.600000,10.6400,10.7000,10.4500,10.4500,10.6200,38089035,403493088.0000,3,0.135530,1,-1.600754,0
2018-10-24,sh.600000,10.5700,11.0500,10.5200,10.7400,10.4500,59165552,639391016.0000,3,0.210525,1,2.775119,0
2018-10-25,sh.600000,10.6000,10.8900,10.5400,10.8400,10.7400,36866593,393987422.0000,3,0.131180,1,0.931102,0
2018-10-26,sh.600000,10.8500,10.9800,10.7400,10.9200,10.8400,27519309,298733755.0000,3,0.097920,1,0.738007,0
2018-10-29,sh.600000,11.0800,11.1200,10.7100,10.7900,10.9200,35265959,385116491.0000,3,0.125485,1,-1.190477,0
2018-10-30,sh.600000,10.9300,11.0500,10.8900,10.9500,10.7900,33086049,363018055.0000,3,0.117728,1,1.482853,0
2018-10-31,sh.600000,10.9900,11.0300,10.8700,10.9800,10.9500,21737114,237583046.0000,3,0.077346,1,0.273970,0
2018-11-01,sh.600000,11.0500,11.0900,10.8600,10.8900,10.9800,23505322,257781673.0000,3,0.083638,1,-0.819665,0
2018-11-02,sh.600000,11.1000,11.2500,10.9400,11.1800,10.8900,47788920,530913675.0000,3,0.170045,1,2.662993,0
2018-11-05,sh.600000,11.1500,11.2500,11.0800,11.1400,11.1800,17012759,189481162.0000,3,0.060536,1,-0.357781,0
2018-11-06,sh.600000,11.1300,11.1500,11.0000,11.0300,11.1400,18422477,203565760.0000,3,0.065552,1,-0.987438,0
2018-11-07,sh.600000,11.0900,11.1000,10.8700,10.9000,11.0300,20843864,228836505.0000,3,0.074168,1,-1.178605,0
2018-11-08,sh.600000,11.0500,11.1000,10.9000,11.0600,10.9000,19991683,220506116.0000,3,0.071135,1,1.467897,0
2018-11-09,sh.600000,10.9900,11.0300,10.7000,10.7500,11.0600,25570050,277004944.0000,3,0.090984,1,-2.802897,0
2018-11-12,sh.600000,10.7700,10.9500,10.7500,10.8000,10.7500,27015827,292478247.0000,3,0.096129,1,0.465118,0
2018-11-13,sh.600000,10.6800,10.9000,10.6800,10.8200,10.8000,20708729,223541479.0000,3,0.073687,1,0.185181,0
2018-11-14,sh.600000,10.8700,10.8700,10.6800,10.7000,10.8200,17998183,193809658.0000,3,0.064042,1,-1.109056,0
2018-11-15,sh.600000,10.7200,10.8100,10.6500,10.7700,10.7000,16580059,178144575.0000,3,0.058996,1,0.654212,0
2018-11-16,sh.600000,10.7700,10.8500,10.7100,10.7600,10.7700,21394417,230509596.0000,3,0.076127,1,-0.092853,0
2018-11-19,sh.600000,10.8600,10.9000,10.7700,10.8800,10.7600,21384793,231999662.0000,3,0.076092,1,1.115241,0
2018-11-20,sh.600000,10.8700,10.8900,10.6500,10.6900,10.8800,21883780,234959214.0000,3,0.077868,1,-1.746328,0
2018-11-21,sh.600000,10.6100,10.7200,10.6100,10.6600,10.6900,16027458,170915676.0000,3,0.057030,1,-0.280634,0
2018-11-22,sh.600000,10.7300,10.7300,10.5700,10.6400,10.6600,14008305,148745106.0000,3,0.049845,1,-0.187613,0
2018-11-23,sh.600000,10.6000,10.6600,10.5000,10.5000,10.6400,14715010,155566104.0000,3,0.052360,1,-1.315793,0
2018-11-26,sh.600000,10.6600,10.6600,10.4300,10.5000,10.5000,14377396,151609376.0000,3,0.051158,1,0.000000,0
2018-11-27,sh.600000,10.5000,10.6100,10.4500,10.4900,10.5000,15084666,158853285.0000,3,0.053675,1,-0.095240,0
2018-11-28,sh.600000,10.5600,10.6200,10.5000,10.5800,10.4900,18339621,193914889.0000,3,0.065257,1,0.857962,0
2018-11-29,sh.600000,10.6400,10.7500,10.5400,10.6300,10.5800,20685685,220670065.0000,3,0.073605,1,0.472592,0
2018-11-30,sh.600000,10.6500,10.7500,10.6200,10.7100,10.6300,28572651,305468672.0000,3,0.101668,1,0.752586,0
2018-12-03,sh.600000,10.9900,11.0500,10.8400,11.0200,10.7100,43049070,472438382.0000,3,0.153179,1,2.894495,0
2018-12-04,sh.600000,11.0000,11.0800,10.9700,11.0800,11.0200,20811293,229713745.0000,3,0.074052,1,0.544460,0
2018-12-05,sh.600000,10.9900,11.1000,10.9600,11.0000,11.0800,25491217,281189602.0000,3,0.090704,1,-0.722021,0
2018-12-06,sh.600000,10.8200,10.9300,10.8200,10.9000,11.0000,23597997,256533148.0000,3,0.083967,1,-0.909094,0
2018-12-07,sh.600000,10.9400,11.0300,10.8800,10.8900,10.9000,10580550,115760323.0000,3,0.037648,1,-0.091736,0
2018-12-10,sh.600000,10.7700,10.9000,10.7700,10.8300,10.8900,15927563,172346141.0000,3,0.056674,1,-0.550968,0
2018-12-11,sh.600000,10.8400,10.9000,10.6900,10.7200,10.8300,17234222,185675067.0000,3,0.061324,1,-1.015694,0
2018-12-12,sh.600000,10.8900,10.8900,10.7000,10.7300,10.7200,12448791,134006589.0000,3,0.044296,1,0.093277,0
2018-12-13,sh.600000,10.7600,10.8600,10.7300,10.8000,10.7300,19792340,213866046.0000,3,0.070426,1,0.652383,0
2018-12-14,sh.600000,10.7400,10.8000,10.5900,10.6200,10.8000,24163831,257441060.0000,3,0.085981,1,-1.666670,0
2018-12-17,sh.600000,10.6500,10.7800,10.6200,10.7800,10.6200,19746228,211971706.0000,3,0.070262,1,1.506590,0
2018-12-18,sh.600000,10.6800,10.8200,10.5400,10.5700,10.7800,19451677,207318277.0000,3,0.069214,1,-1.948052,0
2018-12-19,sh.600000,10.5900,10.6500,10.5400,10.5400,10.5700,13603633,144342542.0000,3,0.048405,1,-0.283820,0
2018-12-20,sh.600000,10.5300,10.5900,10.1100,10.2500,10.5400,30069914,309207188.0000,3,0.106996,1,-2.751423,0
2018-12-21,sh.600000,10.2300,10.2400,10.0000,10.0700,10.2500,20885862,209975605.0000,3,0.074317,1,-1.756101,0
2018-12-24,sh.600000,9.9800,10.0400,9.8600,9.9100,10.0700,22779882,225706451.0000,3,0.081056,1,-1.588876,0
2018-12-25,sh.600000,9.7700,9.8600,9.6000,9.7900,9.9100,34810397,337985911.0000,3,0.123864,1,-1.210897,0
2018-12-26,sh.600000,9.8100,9.8800,9.6400,9.6700,9.7900,20569202,200359184.0000,3,0.073190,1,-1.225739,0
2018-12-27,sh.600000,9.7700,9.8000,9.6600,9.6600,9.6700,27347564,266280883.0000,3,0.097309,1,-0.103415,0
2018-12-28,sh.600000,9.7200,9.9500,9.7100,9.8000,9.6600,27404028,269118592.0000,3,0.097510,1,1.449279,0
2019-01-02,sh.600000,9.7400,9.7900,9.5800,9.7000,9.8000,23762822,229625669.0000,3,0.084554,1,-1.020412,0
2019-01-03,sh.600000,9.7000,9.8200,9.6600,9.8100,9.7000,18654262,181975985.0000,3,0.066376,1,1.134027,0
2019-01-04,sh.600000,9.7300,10.0000,9.7000,9.9600,9.8100,27172844,268964563.0000,3,0.096688,1,1.529048,0
2019-01-07,sh.600000,10.0900,10.0900,9.9200,9.9800,9.9600,23597376,235440197.0000,3,0.083965,1,0.200798,0
2019-01-08,sh.600000,10.0300,10.0300,9.9100,9.9600,9.9800,15104933,150501650.0000,3,0.053747,1,-0.200396,0
2019-01-09,sh.600000,10.0600,10.1600,9.9800,9.9900,9.9600,23163720,233890281.0000,3,0.082422,1,0.301202,0
2019-01-10,sh.600000,9.9400,10.0200,9.9200,9.9600,9.9900,15923566,158718755.0000,3,0.056660,1,-0.300298,0
2019-01-11,sh.600000,10.0300,10.1500,9.9600,10.0500,9.9600,19069069,191290102.0000,3,0.067852,1,0.903616,0
2019-01-14,sh.600000,10.0300,10.1000,10.0100,10.0600,10.0500,20352840,204659052.0000,3,0.072420,1,0.099505,0
2019-01-15,sh.600000,10.1000,10.1500,10.0500,10.1100,10.0600,15632125,158126136.0000,3,0.055623,1,0.497010,0
2019-01-16,sh.600000,10.1000,10.1500,10.0700,10.1300,10.1100,12988340,131354721.0000,3,0.046216,1,0.197828,0
2019-01-17,sh.600000,10.1700,10.2800,10.0700,10.1700,10.1300,22766048,232114667.0000,3,0.081007,1,0.394866,0
2019-01-18,sh.600000,10.2900,10.4400,10.2200,10.4300,10.1700,29087141,300979124.0000,3,0.103499,1,2.556541,0
2019-01-21,sh.600000,10.3600,10.4600,10.3000,10.3500,10.4300,18947789,196394076.0000,3,0.067421,1,-0.767018,0
2019-01-22,sh.600000,10.3800,10.3800,10.2300,10.2500,10.3500,16250557,167165417.0000,3,0.057823,1,-0.966187,0
2019-01-23,sh.600000,10.2900,10.3400,10.2500,10.2700,10.2500,16520327,170289907.0000,3,0.058783,1,0.195126,0
2019-01-24,sh.600000,10.3400,10.3900,10.2700,10.3800,10.2700,15006699,155265972.0000,3,0.053397,1,1.071077,0
2019-01-25,sh.600000,10.4500,10.5600,10.3800,10.5000,10.3800,19696587,206935398.0000,3,0.070085,1,1.156068,0
2019-01-28,sh.600000,10.5300,10.6600,10.3900,10.4200,10.5000,21769073,229185387.0000,3,0.077460,1,-0.761904,0
2019-01-29,sh.600000,10.3900,10.6300,10.3800,10.5800,10.4200,23768004,250301612.0000,3,0.084572,1,1.535507,0
2019-01-30,sh.600000,10.5900,10.6400,10.4700,10.5000,10.5800,16054256,169387635.0000,3,0.057125,1,-0.756143,0
2019-01-31,sh.600000,10.5900,10.7300,10.5100,10.7300,10.5000,25131034,267614893.0000,3,0.089422,1,2.190472,0
2019-02-01,sh.600000,10.8200,10.8200,10.6200,10.7700,10.7300,19119343,204604273.0000,3,0.068031,1,0.372795,0
2019-02-11,sh.600000,10.6200,10.7300,10.6200,10.7000,10.7700,20216568,215903077.0000,3,0.071935,1,-0.649960,0
2019-02-12,sh.600000,10.7100,10.7300,10.6300,10.7200,10.7000,16769601,179099038.0000,3,0.059670,1,0.186920,0
2019-02-13,sh.600000,10.7400,10.9300,10.6800,10.8600,10.7200,30248695,325845959.0000,3,0.107632,1,1.305964,0
2019-02-14,sh.600000,10.8500,10.9100,10.8000,10.8200,10.8600,19815286,215023175.0000,3,0.070508,1,-0.368324,0
2019-02-15,sh.600000,10.7800,10.8500,10.6600,10.6600,10.8200,17758789,190960435.0000,3,0.063190,1,-1.478742,0
2019-02-18,sh.600000,10.7500,10.8700,10.7000,10.8400,10.6600,20102219,217621153.0000,3,0.071529,1,1.688558,0
2019-02-19,sh.600000,10.8500,10.9600,10.7800,10.8000,10.8400,25952745,281465131.0000,3,0.092346,1,-0.369003,0
2019-02-20,sh.600000,10.9200,10.9200,10.8100,10.8300,10.8000,22286311,242111573.0000,3,0.079300,1,0.277775,0
2019-02-21,sh.600000,10.8300,10.9300,10.7500,10.7900,10.8300,25402390,275374197.0000,3,0.090388,1,-0.369344,0
2019-02-22,sh.600000,10.7600,11.0100,10.7600,11.0100,10.7900,25907438,281913760.0000,3,0.092185,1,2.038927,0
2019-02-25,sh.600000,11.0300,11.9500,11.0300,11.9200,11.0100,93712264,1075040678.0000,3,0.333451,1,8.265212,0
2019-02-26,sh.600000,11.9100,12.1500,11.6000,11.6500,11.9200,83643265,990289721.0000,3,0.297623,1,-2.265105,0
2019-02-27,sh.600000,11.7100,12.0700,11.6700,11.8300,11.6500,71201603,843023417.0000,3,0.253353,1,1.545067,0
2019-02-28,sh.600000,11.8300,11.9200,11.6800,11.7400,11.8300,39393414,464139463.0000,3,0.140171,1,-0.760779,0
2019-03-01,sh.600000,11.8100,12.0600,11.6000,12.0200,11.7400,63254621,747753342.0000,3,0.225075,1,2.385015,0
2019-03-04,sh.600000,12.1200,12.3800,11.9500,12.0200,12.0200,85024777,1030561509.0000,3,0.302539,1,0.000000,0
2019-03-05,sh.600000,12.0100,12.0400,11.8700,11.9800,12.0200,54564202,652552200.0000,3,0.194153,1,-0.332786,0
2019-03-06,sh.600000,11.9900,12.1500,11.8600,12.0200,11.9800,53693164,644243050.0000,3,0.191053,1,0.333898,0
2019-03-07,sh.600000,12.0300,12.0400,11.8700,11.8800,12.0200,52618824,628390863.0000,3,0.187231,1,-1.164728,0
2019-03-08,sh.600000,11.7200,11.7200,11.3600,11.5000,11.8800,52670531,609490591.0000,3,0.187415,1,-3.198654,0
2019-03-11,sh.600000,11.4400,11.5900,11.3600,11.4700,11.5000,39922020,457056506.0000,3,0.142052,1,-0.260867,0
2019-03-12,sh.600000,11.5900,11.6900,11.4000,11.4400,11.4700,52211807,602940683.0000,3,0.185782,1,-0.261558,0
2019-03-13,sh.600000,11.4100,11.5600,11.3000,11.4400,11.4400,41373014,472974759.0000,3,0.147215,1,0.000000,0
2019-03-14,sh.600000,11.4600,11.5800,11.4300,11.4600,11.4400,34337899,395468492.0000,3,0.122183,1,0.174829,0
2019-03-15,sh.600000,11.4700,11.6000,11.4300,11.4300,11.4600,33769320,388244487.0000,3,0.120159,1,-0.261778,0
2019-03-18,sh.600000,11.4500,11.6000,11.3700,11.5900,11.4300,43879562,503915219.0000,3,0.156134,1,1.399824,0
2019-03-19,sh.600000,11.6300,11.6700,11.5100,11.5500,11.5900,27500231,318521475.0000,3,0.097852,1,-0.345125,0
2019-03-20,sh.600000,11.5200,11.6400,11.4900,11.5500,11.5500,27325424,315587208.0000,3,0.097230,1,0.000000,0
2019-03-21,sh.600000,11.5600,11.5900,11.4400,11.4600,11.5500,35037035,403573243.0000,3,0.124670,1,-0.779222,0
2019-03-22,sh.600000,11.4900,11.5100,11.3100,11.3900,11.4600,35436446,403972783.0000,3,0.126091,1,-0.610818,0
2019-03-25,sh.600000,11.2800,11.2900,11.0100,11.0300,11.3900,57716577,642860108.0000,3,0.205370,1,-3.160673,0
2019-03-26,sh.600000,11.1100,11.1400,11.0300,11.0900,11.0300,30795722,341425280.0000,3,0.109579,1,0.543975,0
2019-03-27,sh.600000,11.1100,11.2400,11.0400,11.0800,11.0900,42124489,469246326.0000,3,0.149889,1,-0.090173,0
2019-03-28,sh.600000,11.0300,11.0500,10.9000,11.0300,11.0800,29296120,321585861.0000,3,0.104243,1,-0.451265,0
2019-03-29,sh.600000,10.9800,11.3000,10.9800,11.2800,11.0300,60526266,678436536.0000,3,0.215367,1,2.266546,0
2019-04-01,sh.600000,11.3600,11.5200,11.2900,11.4400,11.2800,70637405,808657530.0000,3,0.251345,1,1.418438,0
2019-04-02,sh.600000,11.5000,11.5200,11.4100,11.4400,11.4400,46714710,534896816.0000,3,0.166222,1,0.000000,0
2019-04-03,sh.600000,11.3700,11.5400,11.3400,11.5000,11.4400,50271029,575799446.0000,3,0.178876,1,0.524479,0
2019-04-04,sh.600000,11.5500,11.7100,11.5400,11.7100,11.5000,75232527,876099547.0000,3,0.267696,1,1.826087,0
2019-04-08,sh.600000,11.7900,11.9600,11.6500,11.7200,11.7100,77870373,920513531.0000,3,0.277082,1,0.085399,0
2019-04-09,sh.600000,11.7200,11.7500,11.4900,11.5400,11.7200,56895992,660406225.0000,3,0.202450,1,-1.535839,0
2019-04-10,sh.600000,11.5000,11.5600,11.4200,11.4800,11.5400,41027539,470666649.0000,3,0.145986,1,-0.519934,0
2019-04-11,sh.600000,11.4700,11.5900,11.3500,11.4700,11.4800,50172794,575765348.0000,3,0.178527,1,-0.087102,0
2019-04-12,sh.600000,11.4700,11.5600,11.4300,11.4900,11.4700,26273690,301752036.0000,3,0.093488,1,0.174364,0
2019-04-15,sh.600000,11.6700,11.7700,11.4600,11.4700,11.4900,70509167,823853432.0000,3,0.250889,1,-0.174060,0
2019-04-16,sh.600000,11.4600,11.9900,11.4300,11.9500,11.4700,100665400,1188260123.0000,3,0.358192,1,4.184826,0
2019-04-17,sh.600000,11.9600,12.0900,11.8800,11.9100,11.9500,68157211,816127043.0000,3,0.242520,1,-0.334728,0
2019-04-18,sh.600000,11.9100,12.0500,11.8400,11.9100,11.9100,43048980,513835270.0000,3,0.153179,1,0.000000,0
2019-04-19,sh.600000,12.0100,12.2000,11.8600,12.0100,11.9100,56013041,672739660.0000,3,0.199308,1,0.839634,0
2019-04-22,sh.600000,12.0200,12.0700,11.6800,11.7100,12.0100,53389418,631192357.0000,3,0.189972,1,-2.497920,0
2019-04-23,sh.600000,11.6800,11.8000,11.6300,11.7000,11.7100,33847719,396659664.0000,3,0.120438,1,-0.085399,0
2019-04-24,sh.600000,11.7600,11.7700,11.5100,11.6200,11.7000,38201108,444929313.0000,3,0.135929,1,-0.683760,0
2019-04-25,sh.600000,11.5600,11.6900,11.4800,11.5400,11.6200,40876129,473973527.0000,3,0.145447,1,-0.688468,0
2019-04-26,sh.600000,11.4300,11.5600,11.2800,11.3200,11.5400,42469581,485267261.0000,3,0.151117,1,-1.906415,0
2019-04-29,sh.600000,11.3500,11.5400,11.3400,11.4800,11.3200,38586938,442046727.0000,3,0.137302,1,1.413426,0
2019-04-30,sh.600000,11.7000,12.0900,11.7000,11.9700,11.4800,123474738,1466714710.0000,3,0.439353,1,4.268299,0
2019-05-06,sh.600000,11.7500,11.8600,11.5400,11.8000,11.9700,124545414,1460217054.0000,3,0.443163,1,-1.420218,0
2019-05-07,sh.600000,11.8200,11.9400,11.6000,11.8000,11.8000,85489922,1010271124.0000,3,0.304194,1,0.000000,0
2019-05-08,sh.600000,11.6400,11.7800,11.4900,11.5100,11.8000,58500103,677487368.0000,3,0.208158,1,-2.457627,0
2019-05-09,sh.600000,11.4800,11.5600,11.1000,11.1200,11.5100,64128049,722119098.0000,3,0.228183,1,-3.388361,0
2019-05-10,sh.600000,11.2300,11.4200,11.0600,11.3200,11.1200,48550722,548884302.0000,3,0.172755,1,1.798560,0
2019-05-13,sh.600000,11.2000,11.4000,11.1500,11.3100,11.3200,40284963,455643057.0000,3,0.143344,1,-0.088333,0
2019-05-14,sh.600000,11.1800,11.4400,11.1700,11.2100,11.3100,41888998,473151522.0000,3,0.149051,1,-0.884177,0
2019-05-15,sh.600000,11.2800,11.4200,11.2300,11.3200,11.2100,34404465,389533437.0000,3,0.122419,1,0.981264,0
2019-05-16,sh.600000,11.2800,11.3600,11.2200,11.3000,11.3200,34141755,385015233.0000,3,0.121485,1,-0.176674,0
2019-05-17,sh.600000,11.3200,11.3500,11.2000,11.2400,11.3000,38399831,433108021.0000,3,0.136636,1,-0.530977,0
2019-05-20,sh.600000,11.2800,11.4400,11.2500,11.3400,11.2400,34904438,396448397.0000,3,0.124198,1,0.889683,0
2019-05-21,sh.600000,11.3300,11.4500,11.3100,11.3200,11.3400,32975873,374972621.0000,3,0.117336,1,-0.176371,0
2019-05-22,sh.600000,11.3200,11.3400,11.1200,11.1600,11.3200,40000391,447828812.0000,3,0.142331,1,-1.413426,0
2019-05-23,sh.600000,11.1200,11.1500,10.9500,11.1000,11.1600,36312689,401709177.0000,3,0.129209,1,-0.537630,0
2019-05-24,sh.600000,11.1700,11.2200,11.0000,11.1100,11.1000,24160265,269312449.0000,3,0.085968,1,0.090084,0
2019-05-27,sh.600000,11.0900,11.2600,10.9600,11.2200,11.1100,35087915,390018809.0000,3,0.124851,1,0.990105,0
2019-05-28,sh.600000,11.1900,11.3000,11.0200,11.2900,11.2200,72278135,809741253.0000,3,0.257183,1,0.623883,0
2019-05-29,sh.600000,11.1700,11.2900,11.0700,11.1200,11.2900,40860970,455620583.0000,3,0.145393,1,-1.505758,0
2019-05-30,sh.600000,11.1800,11.1800,11.0300,11.1100,11.1200,26650033,295267455.0000,3,0.094827,1,-0.089930,0
2019-05-31,sh.600000,11.1100,11.2300,11.0500,11.1300,11.1100,36976728,412819768.0000,3,0.131572,1,0.180022,0
2019-06-03,sh.600000,11.1700,11.2900,11.1300,11.2800,11.1300,30492063,342326268.0000,3,0.108498,1,1.347705,0
2019-06-04,sh.600000,11.2900,11.3700,11.2600,11.3500,11.2800,25077393,283826808.0000,3,0.089231,1,0.620573,0
2019-06-05,sh.600000,11.4300,11.5200,11.3500,11.4100,11.3500,31423641,359479709.0000,3,0.111813,1,0.528630,0
2019-06-06,sh.600000,11.5100,11.5100,11.3800,11.4700,11.4100,26427215,303162728.0000,3,0.094034,1,0.525858,0
2019-06-10,sh.600000,11.5700,11.7000,11.5300,11.6100,11.4700,43183779,502599177.0000,3,0.153658,1,1.220570,0
2019-06-11,sh.600000,11.3500,11.4500,11.2700,11.4200,11.2600,52266217,594464068.0000,3,0.185976,1,1.420958,0
2019-06-12,sh.600000,11.4200,11.7000,11.4000,11.6000,11.4200,50635228,584680927.0000,3,0.180172,1,1.576185,0
2019-06-13,sh.600000,11.5700,11.7900,11.5000,11.7000,11.6000,46966016,548219997.0000,3,0.167116,1,0.862064,0
2019-06-14,sh.600000,11.7400,11.8700,11.7100,11.7900,11.7000,47385174,558641883.0000,3,0.168608,1,0.769232,0
2019-06-17,sh.600000,11.7800,11.9200,11.7500,11.7700,11.7900,35220103,416594828.0000,3,0.125322,1,-0.169631,0
2019-06-18,sh.600000,11.8200,11.9000,11.7200,11.8200,11.7700,28965124,341904864.0000,3,0.103065,1,0.424802,0
2019-06-19,sh.600000,12.0400,12.0700,11.8100,11.8800,11.8200,44927745,537339845.0000,3,0.159864,1,0.507618,0
2019-06-20,sh.600000,11.9500,12.3200,11.8500,12.2000,11.8800,71647496,869024541.0000,3,0.254939,1,2.693600,0
2019-06-21,sh.600000,12.1800,12.3000,12.0300,12.0900,12.2000,55381180,670759370.0000,3,0.197060,1,-0.901637,0
2019-06-24,sh.600000,12.0900,12.1300,11.9600,12.0300,12.0900,34195336,411172373.0000,3,0.121675,1,-0.496281,0
2019-06-25,sh.600000,11.9800,11.9800,11.5100,11.6600,12.0300,80359367,940465134.0000,3,0.285938,1,-3.075643,0
2019-06-26,sh.600000,11.5600,11.7300,11.5500,11.6600,11.6600,36973199,431115050.0000,3,0.131560,1,0.000000,0
2019-06-27,sh.600000,11.6800,11.8400,11.5500,11.6400,11.6600,47997783,561472043.0000,3,0.170788,1,-0.171522,0
2019-06-28,sh.600000,11.6700,11.6800,11.5400,11.6800,11.6400,29545173,343056316.0000,3,0.105129,1,0.343642,0
2019-07-01,sh.600000,11.8600,11.9200,11.6900,11.7100,11.6800,54887882,646405195.0000,3,0.195304,1,0.256847,0
2019-07-02,sh.600000,11.7200,11.7400,11.5700,11.6100,11.7100,51165729,595072188.0000,3,0.182060,1,-0.853974,0
2019-07-03,sh.600000,11.6200,11.6300,11.5100,11.5600,11.6100,36567085,422580470.0000,3,0.130115,1,-0.430657,0
2019-07-04,sh.600000,11.6100,11.6700,11.5700,11.6200,11.5600,30369201,352968330.0000,3,0.108061,1,0.519026,0
2019-07-05,sh.600000,11.6300,11.6400,11.5300,11.5700,11.6200,25753241,298158887.0000,3,0.091636,1,-0.430294,0
2019-07-08,sh.600000,11.5600,11.5700,11.3100,11.3600,11.5700,34710676,395611376.0000,3,0.123509,1,-1.815039,0
2019-07-09,sh.600000,11.4000,11.4300,11.3300,11.3700,11.3600,21885404,248524017.0000,3,0.077874,1,0.088030,0
2019-07-10,sh.600000,11.4300,11.4300,11.3100,11.3500,11.3700,23409890,265773696.0000,3,0.083298,1,-0.175897,0
2019-07-11,sh.600000,11.4300,11.4600,11.3400,11.4000,11.3500,23285835,265672149.0000,3,0.082857,1,0.440522,0
2019-07-12,sh.600000,11.3900,11.6200,11.3900,11.5200,11.4000,34816996,400591791.0000,3,0.123887,1,1.052639,0
2019-07-15,sh.600000,11.4000,11.5400,11.2200,11.5000,11.5200,40305603,459022365.0000,3,0.143417,1,-0.173615,0
2019-07-16,sh.600000,11.5000,11.5700,11.4400,11.5500,11.5000,21606007,248901949.0000,3,0.076879,1,0.434784,0
2019-07-17,sh.600000,11.4900,11.5700,11.4600,11.4800,11.5500,17480372,201420080.0000,3,0.062199,1,-0.606066,0
2019-07-18,sh.600000,11.5300,11.5300,11.4500,11.4900,11.4800,18260034,209938962.0000,3,0.064974,1,0.087110,0
2019-07-19,sh.600000,11.5100,11.6300,11.4900,11.5800,11.4900,19619622,227078769.0000,3,0.069811,1,0.783291,0
2019-07-22,sh.600000,11.5400,11.6300,11.4700,11.4800,11.5800,25617875,295840612.0000,3,0.091155,1,-0.863561,0
2019-07-23,sh.600000,11.4300,11.5600,11.4300,11.4900,11.4800,17927898,206511000.0000,3,0.063792,1,0.087110,0
2019-07-24,sh.600000,11.5400,11.6800,11.5300,11.5900,11.4900,24112288,279914884.0000,3,0.085797,1,0.870325,0
2019-07-25,sh.600000,11.5700,11.9600,11.5700,11.8800,11.5900,55900219,660037408.0000,3,0.198907,1,2.502156,0
2019-07-26,sh.600000,11.8300,11.9400,11.8100,11.8700,11.8800,30368988,360677451.0000,3,0.108100,1,-0.084200,0
2019-07-29,sh.600000,11.9000,11.9400,11.8000,11.8600,11.8700,21465011,254289650.0000,3,0.076378,1,-0.084248,0
2019-07-30,sh.600000,11.8400,12.0000,11.8400,11.8600,11.8600,33731002,401937925.0000,3,0.120000,1,0.000000,0
2019-07-31,sh.600000,11.8100,11.9400,11.7300,11.8700,11.8600,30650758,362607630.0000,3,0.109100,1,0.084300,0
2019-08-01,sh.600000,11.7600,11.8500,11.6300,11.6500,11.8700,32471702,380252159.0000,3,0.115500,1,-1.853400,0
2019-08-02,sh.600000,11.4800,11.5600,11.4100,11.4800,11.6500,38976091,447723838.0000,3,0.138700,1,-1.459200,0
2019-08-05,sh.600000,11.4200,11.4600,11.2300,11.2400,11.4800,42719073,483523857.0000,3,0.152000,1,-2.090600,0
2019-08-06,sh.600000,11.1000,11.2300,10.9700,11.0900,11.2400,45203853,501885625.0000,3,0.160800,1,-1.334500,0
2019-08-07,sh.600000,11.1400,11.1600,11.0500,11.0700,11.0900,31462085,349267412.0000,3,0.111900,1,-0.180300,0
2019-08-08,sh.600000,11.1500,11.3100,11.1100,11.2600,11.0700,33258085,373205583.0000,3,0.118300,1,1.716400,0
2019-08-09,sh.600000,11.3100,11.4100,11.2600,11.3700,11.2600,40637993,461422060.0000,3,0.144600,1,0.976900,0
2019-08-12,sh.600000,11.3300,11.4500,11.3100,11.4300,11.3700,34989082,398523209.0000,3,0.124500,1,0.527700,0
2019-08-13,sh.600000,11.4000,11.4000,11.2900,11.3300,11.4300,18839979,213447653.0000,3,0.067000,1,-0.874900,0
2019-08-14,sh.600000,11.4200,11.4800,11.2800,11.2800,11.3300,19874457,225555663.0000,3,0.070700,1,-0.441300,0
2019-08-15,sh.600000,11.1600,11.3200,11.1200,11.2900,11.2800,19101192,214656224.0000,3,0.068000,1,0.088700,0
2019-08-16,sh.600000,11.2500,11.3400,11.2100,11.2200,11.2900,24823561,279706602.0000,3,0.088300,1,-0.620000,0
2019-08-19,sh.600000,11.2200,11.3800,11.0800,11.3800,11.2200,38253341,430744321.0000,3,0.136100,1,1.426000,0
2019-08-20,sh.600000,11.3000,11.4700,11.2800,11.3700,11.3800,23758050,270727986.0000,3,0.084500,1,-0.087900,0
2019-08-21,sh.600000,11.3500,11.4400,11.3400,11.4100,11.3700,14656537,167119481.0000,3,0.052200,1,0.351800,0
2019-08-22,sh.600000,11.4300,11.4500,11.3700,11.4300,11.4100,15866836,180907933.0000,3,0.056500,1,0.175300,0
2019-08-23,sh.600000,11.3900,11.5900,11.3800,11.5900,11.4300,33655377,387195405.0000,3,0.119800,1,1.399800,0
2019-08-26,sh.600000,11.3900,11.4400,11.1500,11.3000,11.5900,41845176,472500378.0000,3,0.148900,1,-2.502200,0
2019-08-27,sh.600000,11.3700,11.5700,11.3000,11.3000,11.3000,66247458,756664142.0000,3,0.235700,1,0.000000,0
2019-08-28,sh.600000,11.3700,11.4000,11.3000,11.3200,11.3000,25525597,289685352.0000,3,0.090800,1,0.177000,0
2019-08-29,sh.600000,11.3000,11.3500,11.1800,11.2300,11.3200,28049594,315060610.0000,3,0.099800,1,-0.795100,0
2019-08-30,sh.600000,11.3400,11.3700,11.2200,11.2800,11.2300,25424004,287099396.0000,3,0.090500,1,0.445200,0
2019-09-02,sh.600000,11.3000,11.4200,11.2400,11.3400,11.2800,27749879,315706922.0000,3,0.098700,1,0.531900,0
2019-09-03,sh.600000,11.3900,11.4100,11.3100,11.3500,11.3400,16286609,184932344.0000,3,0.058000,1,0.088200,0
2019-09-04,sh.600000,11.4000,11.5000,11.3600,11.4900,11.3500,30670961,350981214.0000,3,0.109100,1,1.233500,0
2019-09-05,sh.600000,11.5000,11.7400,11.5000,11.6200,11.4900,46828000,544694736.0000,3,0.166600,1,1.131400,0
2019-09-06,sh.600000,11.6800,11.7000,11.5800,11.6900,11.6200,34392057,400477410.0000,3,0.122400,1,0.602400,0
2019-09-09,sh.600000,11.7800,11.7900,11.6800,11.7500,11.6900,40059368,470186970.0000,3,0.142500,1,0.513300,0
2019-09-10,sh.600000,11.7900,11.8600,11.6900,11.8500,11.7500,37041097,437072473.0000,3,0.131800,1,0.851100,0
2019-09-11,sh.600000,11.8500,12.0000,11.8500,11.9500,11.8500,39063654,466909327.0000,3,0.139000,1,0.843900,0
2019-09-12,sh.600000,12.0800,12.0900,11.9200,12.0000,11.9500,26104824,313028158.0000,3,0.092900,1,0.418400,0
2019-09-16,sh.600000,11.9900,12.0100,11.8300,11.9300,12.0000,25489116,303225647.0000,3,0.090700,1,-0.583300,0
2019-09-17,sh.600000,11.9600,12.0100,11.7700,11.8100,11.9300,33558932,399569109.0000,3,0.119400,1,-1.005900,0
2019-09-18,sh.600000,11.9400,12.0000,11.8700,11.9300,11.8100,31387271,375059086.0000,3,0.111700,1,1.016100,0
2019-09-19,sh.600000,12.0000,12.0000,11.8800,11.9400,11.9300,23742171,283084515.0000,3,0.084500,1,0.083800,0
2019-09-20,sh.600000,11.9900,11.9900,11.8500,11.9500,11.9400,40109279,478010547.0000,3,0.142700,1,0.083800,0
2019-09-23,sh.600000,11.9000,11.9200,11.6800,11.7500,11.9500,27710795,325475285.0000,3,0.098600,1,-1.673600,0
2019-09-24,sh.600000,11.8100,11.8600,11.7300,11.7500,11.7500,21870962,257910160.0000,3,0.077800,1,0.000000,0
2019-09-25,sh.600000,11.7500,11.9500,11.6900,11.8100,11.7500,30136356,356897100.0000,3,0.107200,1,0.510600,0
2019-09-26,sh.600000,11.8800,12.1800,11.8400,11.9700,11.8100,72726461,876687793.0000,3,0.258800,1,1.354800,0
2019-09-27,sh.600000,11.9500,11.9900,11.7600,11.9000,11.9700,36807878,437372188.0000,3,0.131000,1,-0.584800,0
2019-09-30,sh.600000,11.8500,12.0700,11.8100,11.8400,11.9000,35947577,430109099.0000,3,0.127900,1,-0.504200,0
2019-10-08,sh.600000,11.8000,12.0300,11.8000,11.9000,11.8400,32415886,386027564.0000,3,0.115300,1,0.506800,0
2019-10-09,sh.600000,11.8200,12.1300,11.8000,11.9900,11.9000,42209602,506474302.0000,3,0.150200,1,0.756300,0
2019-10-10,sh.600000,12.0200,12.0400,11.9100,11.9600,11.9900,27261229,326023332.0000,3,0.097000,1,-0.250200,0
2019-10-11,sh.600000,12.0500,12.4500,12.0000,12.4500,11.9600,92030800,1131441679.0000,3,0.327500,1,4.097000,0
2019-10-14,sh.600000,12.5900,13.2200,12.5200,12.9400,12.4500,123970103,1596408955.0000,3,0.441100,1,3.935700,0
2019-10-15,sh.600000,12.9500,13.1400,12.8600,13.0900,12.9400,73394591,952804782.0000,3,0.261200,1,1.159200,0
2019-10-16,sh.600000,13.0800,13.3300,12.9000,13.0800,13.0900,67002223,876221010.0000,3,0.238400,1,-0.076400,0
2019-10-17,sh.600000,13.0700,13.2500,13.0300,13.1700,13.0800,47869313,628571153.0000,3,0.170300,1,0.688100,0
2019-10-18,sh.600000,13.2400,13.2900,12.7200,12.7800,13.1700,64992896,840281772.0000,3,0.231300,1,-2.961300,0
2019-10-21,sh.600000,12.8000,13.0300,12.7500,12.9100,12.7800,38996287,502880211.0000,3,0.138800,1,1.017200,0
2019-10-22,sh.600000,13.0300,13.0500,12.7700,12.9300,12.9100,31396257,404182674.0000,3,0.111700,1,0.154900,0
2019-10-23,sh.600000,12.8900,12.9500,12.7700,12.8600,12.9300,32821414,422141011.0000,3,0.116800,1,-0.541400,0
2019-10-24,sh.600000,12.9800,13.2400,12.9500,13.0900,12.8600,103158806,1347032670.0000,3,0.367100,1,1.788500,0
2019-10-25,sh.600000,13.0900,13.0900,12.7800,12.9000,13.0900,97876357,1260246484.0000,3,0.348300,1,-1.451500,0
2019-10-28,sh.600000,12.7500,12.8800,12.6500,12.7000,12.9000,72380466,919894887.0000,3,0.257500,1,-1.550400,0
2019-10-29,sh.600000,12.7400,12.8500,12.6200,12.7700,12.7000,52604090,669546625.0000,3,0.187200,1,0.551200,0
2019-10-30,sh.600000,12.7500,12.7900,12.5200,12.5900,12.7700,53734730,678152770.0000,3,0.191200,1,-1.409600,0
2019-10-31,sh.600000,12.6800,12.7000,12.5000,12.5100,12.5900,33347533,419182995.0000,3,0.118700,1,-0.635400,0
2019-11-01,sh.600000,12.5000,12.8300,12.4400,12.7500,12.5100,62705733,793656950.0000,3,0.223100,1,1.918500,0
2019-11-04,sh.600000,12.7500,12.8900,12.6900,12.7400,12.7500,49737996,634816416.0000,3,0.177000,1,-0.078400,0
2019-11-05,sh.600000,12.7400,13.1900,12.6900,12.9500,12.7400,74274389,962257376.0000,3,0.264300,1,1.648400,0
2019-11-06,sh.600000,12.9500,13.1000,12.8600,12.9200,12.9500,46023920,597016896.0000,3,0.163800,1,-0.231700,0
2019-11-07,sh.600000,12.9500,12.9500,12.7100,12.7600,12.9200,46267281,592408771.0000,3,0.164600,1,-1.238400,0
2019-11-08,sh.600000,12.8000,12.8100,12.5600,12.5700,12.7600,48841866,617218205.0000,3,0.173800,1,-1.489000,0
2019-11-11,sh.600000,12.4800,12.4800,12.2900,12.2900,12.5700,38594267,477989511.0000,3,0.137300,1,-2.227500,0
2019-11-12,sh.600000,12.3100,12.3600,12.1700,12.2400,12.2900,39239395,480742763.0000,3,0.139600,1,-0.406800,0
2019-11-13,sh.600000,12.2100,12.2900,12.1500,12.2300,12.2400,32274979,394505189.0000,3,0.114800,1,-0.081700,0
2019-11-14,sh.600000,12.2300,12.2700,12.1000,12.1400,12.2300,28943647,351795388.0000,3,0.103000,1,-0.735900,0
2019-11-15,sh.600000,12.2200,12.2600,12.1200,12.1500,12.1400,27324299,332797325.0000,3,0.097200,1,0.082400,0
2019-11-18,sh.600000,12.1700,12.3500,12.1300,12.2400,12.1500,28796529,352880166.0000,3,0.102500,1,0.740700,0
2019-11-19,sh.600000,12.2000,12.3100,12.1800,12.2300,12.2400,29370803,359115488.0000,3,0.104500,1,-0.081700,0
2019-11-20,sh.600000,12.1700,12.2200,12.0100,12.0400,12.2300,38092059,460234691.0000,3,0.135500,1,-1.553600,0
2019-11-21,sh.600000,12.0000,12.0400,11.9100,11.9600,12.0400,34617175,414077527.0000,3,0.123200,1,-0.664500,0
2019-11-22,sh.600000,12.0100,12.0600,11.9400,11.9900,11.9600,29531099,354250530.0000,3,0.105100,1,0.250800,0
2019-11-25,sh.600000,12.0300,12.1400,12.0000,12.0700,11.9900,25153256,303962341.0000,3,0.089500,1,0.667200,0
2019-11-26,sh.600000,12.1500,12.1700,11.9800,12.0600,12.0700,59633264,719075408.0000,3,0.212200,1,-0.082800,0
2019-11-27,sh.600000,12.0700,12.0700,11.9000,11.9900,12.0600,28703956,343598879.0000,3,0.102100,1,-0.580400,0
2019-11-28,sh.600000,12.0000,12.0100,11.9200,11.9600,11.9900,17797225,212826181.0000,3,0.063300,1,-0.250200,0
2019-11-29,sh.600000,11.9300,12.0700,11.8900,11.9100,11.9600,24566935,293541788.0000,3,0.087400,1,-0.418100,0
2019-12-02,sh.600000,11.9600,11.9700,11.8200,11.8700,11.9100,22163020,263131788.0000,3,0.078900,1,-0.335900,0
2019-12-03,sh.600000,11.8100,11.9000,11.7700,11.8600,11.8700,19557865,231361399.0000,3,0.069600,1,-0.084200,0
2019-12-04,sh.600000,11.7800,11.8300,11.7000,11.7500,11.8600,24734662,290465763.0000,3,0.088000,1,-0.927500,0
2019-12-05,sh.600000,11.7900,11.8900,11.7600,11.8900,11.7500,24976130,295963968.0000,3,0.088900,1,1.191500,0
2019-12-06,sh.600000,11.9200,11.9500,11.8300,11.9200,11.8900,20654438,245635919.0000,3,0.073500,1,0.252300,0
2019-12-09,sh.600000,11.9000,11.9300,11.8500,11.9000,11.9200,17349258,206211639.0000,3,0.061700,1,-0.167800,0
2019-12-10,sh.600000,11.8800,11.9100,11.8600,11.8600,11.9000,15324640,181988682.0000,3,0.054500,1,-0.336100,0
2019-12-11,sh.600000,11.8800,11.9900,11.8500,11.9800,11.8600,33409045,398582360.0000,3,0.118900,1,1.011800,0
2019-12-12,sh.600000,11.9900,11.9900,11.8800,11.9000,11.9800,27021203,321917933.0000,3,0.096100,1,-0.667800,0
2019-12-13,sh.600000,11.9800,12.1200,11.9400,12.1200,11.9000,59520554,716034787.0000,3,0.211800,1,1.848700,0
2019-12-16,sh.600000,12.1200,12.1500,12.0000,12.1300,12.1200,37971632,458170277.0000,3,0.135100,1,0.082500,0
2019-12-17,sh.600000,12.1700,12.5100,12.1000,12.3900,12.1300,57435605,707895681.0000,3,0.204400,1,2.143400,0
2019-12-18,sh.600000,12.3600,12.5000,12.3400,12.4000,12.3900,34565268,428827229.0000,3,0.123000,1,0.080700,0
2019-12-19,sh.600000,12.4000,12.5000,12.3800,12.4100,12.4000,23789907,295686647.0000,3,0.084700,1,0.080600,0
2019-12-20,sh.600000,12.4100,12.5500,12.3800,12.4200,12.4100,40150148,500592355.0000,3,0.142900,1,0.080600,0
2019-12-23,sh.600000,12.4600,12.4600,12.1700,12.2000,12.4200,37033891,455979055.0000,3,0.131800,1,-1.771300,0
2019-12-24,sh.600000,12.2100,12.2900,12.2000,12.2800,12.2000,21671029,265496459.0000,3,0.077100,1,0.655700,0
2019-12-25,sh.600000,12.2900,12.2900,12.2000,12.2400,12.2800,13678175,167407896.0000,3,0.048700,1,-0.325700,0
2019-12-26,sh.600000,12.2600,12.3200,12.2300,12.2900,12.2400,15739054,193083033.0000,3,0.056000,1,0.408500,0
2019-12-27,sh.600000,12.2500,12.4300,12.2500,12.3200,12.2900,27932109,344832499.0000,3,0.099400,1,0.244100,0
2019-12-30,sh.600000,12.2700,12.3600,12.1200,12.3400,12.3200,41051555,503090483.0000,3,0.146100,1,0.162300,0
2019-12-31,sh.600000,12.3200,12.3800,12.2100,12.3700,12.3400,31953628,392736236.0000,3,0.113700,1,0.243100,0
2020-01-02,sh.600000,12.4700,12.6400,12.4500,12.4700,12.3700,51629079,647446166.0000,3,0.183700,1,0.808400,0
2020-01-03,sh.600000,12.5700,12.6300,12.4700,12.6000,12.4700,38018810,477053357.0000,3,0.135300,1,1.042500,0
2020-01-06,sh.600000,12.5200,12.6500,12.4200,12.4600,12.6000,41001193,514432551.0000,3,0.145900,1,-1.111100,0
2020-01-07,sh.600000,12.5100,12.6000,12.4600,12.5000,12.4600,28421482,355811756.0000,3,0.101100,1,0.321000,0
2020-01-08,sh.600000,12.4100,12.4500,12.2500,12.3200,12.5000,35240536,434980266.0000,3,0.125400,1,-1.440000,0
2020-01-09,sh.600000,12.3900,12.4300,12.3500,12.3700,12.3200,26151448,324168061.0000,3,0.093100,1,0.405800,0
2020-01-10,sh.600000,12.3700,12.4200,12.3100,12.3900,12.3700,18321252,226580302.0000,3,0.065200,1,0.161700,0
2020-01-13,sh.600000,12.4000,12.4100,12.3100,12.4100,12.3900,20715566,255982380.0000,3,0.073700,1,0.161400,0
2020-01-14,sh.600000,12.4000,12.6900,12.3900,12.4300,12.4100,29994561,374971640.0000,3,0.106700,1,0.161200,0
2020-01-15,sh.600000,12.4100,12.4500,12.2500,12.2500,12.4300,31897217,392531149.0000,3,0.113500,1,-1.448100,0
2020-01-16,sh.600000,12.2800,12.3100,12.1600,12.2000,12.2500,22454876,274130148.0000,3,0.079900,1,-0.408200,0
2020-01-17,sh.600000,12.2200,12.2900,12.1600,12.2300,12.2000,17593111,215028083.0000,3,0.062600,1,0.245900,0
2020-01-20,sh.600000,12.2600,12.2700,12.1900,12.2500,12.2300,23734609,290296136.0000,3,0.084500,1,0.163500,0
2020-01-21,sh.600000,12.2000,12.2500,12.0400,12.0800,12.2500,31787474,384580844.0000,3,0.113100,1,-1.387800,0
2020-01-22,sh.600000,11.7000,11.8400,11.6500,11.7700,12.0800,78133556,917203481.0000,3,0.278000,1,-2.566200,0
2020-01-23,sh.600000,11.7500,11.7500,11.3200,11.3500,11.7700,76534796,879151046.0000,3,0.272300,1,-3.568400,0
2020-02-03,sh.600000,10.2200,10.6900,10.2200,10.4700,11.3500,95367382,997686058.0000,3,0.339300,1,-7.753300,0
2020-02-04,sh.600000,10.5100,10.7400,10.4800,10.6600,10.4700,66783767,710434836.0000,3,0.237600,1,1.814700,0
2020-02-05,sh.600000,10.6900,10.7800,10.5800,10.7000,10.6600,45046658,481639081.0000,3,0.160300,1,0.375200,0
2020-02-06,sh.600000,10.8100,10.8600,10.6500,10.7900,10.7000,38023801,408101901.0000,3,0.135300,1,0.841100,0
2020-02-07,sh.600000,10.7300,10.9100,10.6700,10.8600,10.7900,31896956,342581621.0000,3,0.113500,1,0.648700,0
2020-02-10,sh.600000,10.7600,10.8400,10.7100,10.7700,10.8600,34032121,366391170.0000,3,0.121100,1,-0.828700,0
2020-02-11,sh.600000,10.8200,10.9500,10.7800,10.8600,10.7700,34856302,378583345.0000,3,0.124000,1,0.835600,0
